date,market_cap
2009-01-03,0.0
2009-01-04,0.0
2009-01-05,0.0
2009-01-06,0.0
2009-01-07,0.0
2009-01-08,0.0
2009-01-09,0.0
2009-01-10,0.0
2009-01-11,0.0
2009-01-12,0.0
2009-01-13,0.0
2009-01-14,0.0
2009-01-15,0.0
2009-01-16,0.0
2009-01-17,0.0
2009-01-18,0.0
2009-01-19,0.0
2009-01-20,0.0
2009-01-21,0.0
2009-01-22,0.0
2009-01-23,0.0
2009-01-24,0.0
2009-01-25,0.0
2009-01-26,0.0
2009-01-27,0.0
2009-01-28,0.0
2009-01-29,0.0
2009-01-30,0.0
2009-01-31,0.0
2009-02-01,0.0
2009-02-02,0.0
2009-02-03,0.0
2009-02-04,0.0
2009-02-05,0.0
2009-02-06,0.0
2009-02-07,0.0
2009-02-08,0.0
2009-02-09,0.0
2009-02-10,0.0
2009-02-11,0.0
2009-02-12,0.0
2009-02-13,0.0
2009-02-14,0.0
2009-02-15,0.0
2009-02-16,0.0
2009-02-17,0.0
2009-02-18,0.0
2009-02-19,0.0
2009-02-20,0.0
2009-02-21,0.0
2009-02-22,0.0
2009-02-23,0.0
2009-02-24,0.0
2009-02-25,0.0
2009-02-26,0.0
2009-02-27,0.0
2009-02-28,0.0
2009-03-01,0.0
2009-03-02,0.0
2009-03-03,0.0
2009-03-04,0.0
2009-03-05,0.0
2009-03-06,0.0
2009-03-07,0.0
2009-03-08,0.0
2009-03-09,0.0
2009-03-10,0.0
2009-03-11,0.0
2009-03-12,0.0
2009-03-13,0.0
2009-03-14,0.0
2009-03-15,0.0
2009-03-16,0.0
2009-03-17,0.0
2009-03-18,0.0
2009-03-19,0.0
2009-03-20,0.0
2009-03-21,0.0
2009-03-22,0.0
2009-03-23,0.0
2009-03-24,0.0
2009-03-25,0.0
2009-03-26,0.0
2009-03-27,0.0
2009-03-28,0.0
2009-03-29,0.0
2009-03-30,0.0
2009-03-31,0.0
2009-04-01,0.0
2009-04-02,0.0
2009-04-03,0.0
2009-04-04,0.0
2009-04-05,0.0
2009-04-06,0.0
2009-04-07,0.0
2009-04-08,0.0
2009-04-09,0.0
2009-04-10,0.0
2009-04-11,0.0
2009-04-12,0.0
2009-04-13,0.0
2009-04-14,0.0
2009-04-15,0.0
2009-04-16,0.0
2009-04-17,0.0
2009-04-18,0.0
2009-04-19,0.0
2009-04-20,0.0
2009-04-21,0.0
2009-04-22,0.0
2009-04-23,0.0
2009-04-24,0.0
2009-04-25,0.0
2009-04-26,0.0
2009-04-27,0.0
2009-04-28,0.0
2009-04-29,0.0
2009-04-30,0.0
2009-05-01,0.0
2009-05-02,0.0
2009-05-03,0.0
2009-05-04,0.0
2009-05-05,0.0
2009-05-06,0.0
2009-05-07,0.0
2009-05-08,0.0
2009-05-09,0.0
2009-05-10,0.0
2009-05-11,0.0
2009-05-12,0.0
2009-05-13,0.0
2009-05-14,0.0
2009-05-15,0.0
2009-05-16,0.0
2009-05-17,0.0
2009-05-18,0.0
2009-05-19,0.0
2009-05-20,0.0
2009-05-21,0.0
2009-05-22,0.0
2009-05-23,0.0
2009-05-24,0.0
2009-05-25,0.0
2009-05-26,0.0
2009-05-27,0.0
2009-05-28,0.0
2009-05-29,0.0
2009-05-30,0.0
2009-05-31,0.0
2009-06-01,0.0
2009-06-02,0.0
2009-06-03,0.0
2009-06-04,0.0
2009-06-05,0.0
2009-06-06,0.0
2009-06-07,0.0
2009-06-08,0.0
2009-06-09,0.0
2009-06-10,0.0
2009-06-11,0.0
2009-06-12,0.0
2009-06-13,0.0
2009-06-14,0.0
2009-06-15,0.0
2009-06-16,0.0
2009-06-17,0.0
2009-06-18,0.0
2009-06-19,0.0
2009-06-20,0.0
2009-06-21,0.0
2009-06-22,0.0
2009-06-23,0.0
2009-06-24,0.0
2009-06-25,0.0
2009-06-26,0.0
2009-06-27,0.0
2009-06-28,0.0
2009-06-29,0.0
2009-06-30,0.0
2009-07-01,0.0
2009-07-02,0.0
2009-07-03,0.0
2009-07-04,0.0
2009-07-05,0.0
2009-07-06,0.0
2009-07-07,0.0
2009-07-08,0.0
2009-07-09,0.0
2009-07-10,0.0
2009-07-11,0.0
2009-07-12,0.0
2009-07-13,0.0
2009-07-14,0.0
2009-07-15,0.0
2009-07-16,0.0
2009-07-17,0.0
2009-07-18,0.0
2009-07-19,0.0
2009-07-20,0.0
2009-07-21,0.0
2009-07-22,0.0
2009-07-23,0.0
2009-07-24,0.0
2009-07-25,0.0
2009-07-26,0.0
2009-07-27,0.0
2009-07-28,0.0
2009-07-29,0.0
2009-07-30,0.0
2009-07-31,0.0
2009-08-01,0.0
2009-08-02,0.0
2009-08-03,0.0
2009-08-04,0.0
2009-08-05,0.0
2009-08-06,0.0
2009-08-07,0.0
2009-08-08,0.0
2009-08-09,0.0
2009-08-10,0.0
2009-08-11,0.0
2009-08-12,0.0
2009-08-13,0.0
2009-08-14,0.0
2009-08-15,0.0
2009-08-16,0.0
2009-08-17,0.0
2009-08-18,0.0
2009-08-19,0.0
2009-08-20,0.0
2009-08-21,0.0
2009-08-22,0.0
2009-08-23,0.0
2009-08-24,0.0
2009-08-25,0.0
2009-08-26,0.0
2009-08-27,0.0
2009-08-28,0.0
2009-08-29,0.0
2009-08-30,0.0
2009-08-31,0.0
2009-09-01,0.0
2009-09-02,0.0
2009-09-03,0.0
2009-09-04,0.0
2009-09-05,0.0
2009-09-06,0.0
2009-09-07,0.0
2009-09-08,0.0
2009-09-09,0.0
2009-09-10,0.0
2009-09-11,0.0
2009-09-12,0.0
2009-09-13,0.0
2009-09-14,0.0
2009-09-15,0.0
2009-09-16,0.0
2009-09-17,0.0
2009-09-18,0.0
2009-09-19,0.0
2009-09-20,0.0
2009-09-21,0.0
2009-09-22,0.0
2009-09-23,0.0
2009-09-24,0.0
2009-09-25,0.0
2009-09-26,0.0
2009-09-27,0.0
2009-09-28,0.0
2009-09-29,0.0
2009-09-30,0.0
2009-10-01,0.0
2009-10-02,0.0
2009-10-03,0.0
2009-10-04,0.0
2009-10-05,0.0
2009-10-06,0.0
2009-10-07,0.0
2009-10-08,0.0
2009-10-09,0.0
2009-10-10,0.0
2009-10-11,0.0
2009-10-12,0.0
2009-10-13,0.0
2009-10-14,0.0
2009-10-15,0.0
2009-10-16,0.0
2009-10-17,0.0
2009-10-18,0.0
2009-10-19,0.0
2009-10-20,0.0
2009-10-21,0.0
2009-10-22,0.0
2009-10-23,0.0
2009-10-24,0.0
2009-10-25,0.0
2009-10-26,0.0
2009-10-27,0.0
2009-10-28,0.0
2009-10-29,0.0
2009-10-30,0.0
2009-10-31,0.0
2009-11-01,0.0
2009-11-02,0.0
2009-11-03,0.0
2009-11-04,0.0
2009-11-05,0.0
2009-11-06,0.0
2009-11-07,0.0
2009-11-08,0.0
2009-11-09,0.0
2009-11-10,0.0
2009-11-11,0.0
2009-11-12,0.0
2009-11-13,0.0
2009-11-14,0.0
2009-11-15,0.0
2009-11-16,0.0
2009-11-17,0.0
2009-11-18,0.0
2009-11-19,0.0
2009-11-20,0.0
2009-11-21,0.0
2009-11-22,0.0
2009-11-23,0.0
2009-11-24,0.0
2009-11-25,0.0
2009-11-26,0.0
2009-11-27,0.0
2009-11-28,0.0
2009-11-29,0.0
2009-11-30,0.0
2009-12-01,0.0
2009-12-02,0.0
2009-12-03,0.0
2009-12-04,0.0
2009-12-05,0.0
2009-12-06,0.0
2009-12-07,0.0
2009-12-08,0.0
2009-12-09,0.0
2009-12-10,0.0
2009-12-11,0.0
2009-12-12,0.0
2009-12-13,0.0
2009-12-14,0.0
2009-12-15,0.0
2009-12-16,0.0
2009-12-17,0.0
2009-12-18,0.0
2009-12-19,0.0
2009-12-20,0.0
2009-12-21,0.0
2009-12-22,0.0
2009-12-23,0.0
2009-12-24,0.0
2009-12-25,0.0
2009-12-26,0.0
2009-12-27,0.0
2009-12-28,0.0
2009-12-29,0.0
2009-12-30,0.0
2009-12-31,0.0
2010-01-01,0.0
2010-01-02,0.0
2010-01-03,0.0
2010-01-04,0.0
2010-01-05,0.0
2010-01-06,0.0
2010-01-07,0.0
2010-01-08,0.0
2010-01-09,0.0
2010-01-10,0.0
2010-01-11,0.0
2010-01-12,0.0
2010-01-13,0.0
2010-01-14,0.0
2010-01-15,0.0
2010-01-16,0.0
2010-01-17,0.0
2010-01-18,0.0
2010-01-19,0.0
2010-01-20,0.0
2010-01-21,0.0
2010-01-22,0.0
2010-01-23,0.0
2010-01-24,0.0
2010-01-25,0.0
2010-01-26,0.0
2010-01-27,0.0
2010-01-28,0.0
2010-01-29,0.0
2010-01-30,0.0
2010-01-31,0.0
2010-02-01,0.0
2010-02-02,0.0
2010-02-03,0.0
2010-02-04,0.0
2010-02-05,0.0
2010-02-06,0.0
2010-02-07,0.0
2010-02-08,0.0
2010-02-09,0.0
2010-02-10,0.0
2010-02-11,0.0
2010-02-12,0.0
2010-02-13,0.0
2010-02-14,0.0
2010-02-15,0.0
2010-02-16,0.0
2010-02-17,0.0
2010-02-18,0.0
2010-02-19,0.0
2010-02-20,0.0
2010-02-21,0.0
2010-02-22,0.0
2010-02-23,0.0
2010-02-24,0.0
2010-02-25,0.0
2010-02-26,0.0
2010-02-27,0.0
2010-02-28,0.0
2010-03-01,0.0
2010-03-02,0.0
2010-03-03,0.0
2010-03-04,0.0
2010-03-05,0.0
2010-03-06,0.0
2010-03-07,0.0
2010-03-08,0.0
2010-03-09,0.0
2010-03-10,0.0
2010-03-11,0.0
2010-03-12,0.0
2010-03-13,0.0
2010-03-14,0.0
2010-03-15,0.0
2010-03-16,0.0
2010-03-17,0.0
2010-03-18,0.0
2010-03-19,0.0
2010-03-20,0.0
2010-03-21,0.0
2010-03-22,0.0
2010-03-23,0.0
2010-03-24,0.0
2010-03-25,0.0
2010-03-26,0.0
2010-03-27,0.0
2010-03-28,0.0
2010-03-29,0.0
2010-03-30,0.0
2010-03-31,0.0
2010-04-01,0.0
2010-04-02,0.0
2010-04-03,0.0
2010-04-04,0.0
2010-04-05,0.0
2010-04-06,0.0
2010-04-07,0.0
2010-04-08,0.0
2010-04-09,0.0
2010-04-10,0.0
2010-04-11,0.0
2010-04-12,0.0
2010-04-13,0.0
2010-04-14,0.0
2010-04-15,0.0
2010-04-16,0.0
2010-04-17,0.0
2010-04-18,0.0
2010-04-19,0.0
2010-04-20,0.0
2010-04-21,0.0
2010-04-22,0.0
2010-04-23,0.0
2010-04-24,0.0
2010-04-25,0.0
2010-04-26,0.0
2010-04-27,0.0
2010-04-28,0.0
2010-04-29,0.0
2010-04-30,0.0
2010-05-01,0.0
2010-05-02,0.0
2010-05-03,0.0
2010-05-04,0.0
2010-05-05,0.0
2010-05-06,0.0
2010-05-07,0.0
2010-05-08,0.0
2010-05-09,0.0
2010-05-10,0.0
2010-05-11,0.0
2010-05-12,0.0
2010-05-13,0.0
2010-05-14,0.0
2010-05-15,0.0
2010-05-16,0.0
2010-05-17,0.0
2010-05-18,0.0
2010-05-19,0.0
2010-05-20,0.0
2010-05-21,0.0
2010-05-22,0.0
2010-05-23,0.0
2010-05-24,0.0
2010-05-25,0.0
2010-05-26,0.0
2010-05-27,0.0
2010-05-28,0.0
2010-05-29,0.0
2010-05-30,0.0
2010-05-31,0.0
2010-06-01,0.0
2010-06-02,0.0
2010-06-03,0.0
2010-06-04,0.0
2010-06-05,0.0
2010-06-06,0.0
2010-06-07,0.0
2010-06-08,0.0
2010-06-09,0.0
2010-06-10,0.0
2010-06-11,0.0
2010-06-12,0.0
2010-06-13,0.0
2010-06-14,0.0
2010-06-15,0.0
2010-06-16,0.0
2010-06-17,0.0
2010-06-18,0.0
2010-06-19,0.0
2010-06-20,0.0
2010-06-21,0.0
2010-06-22,0.0
2010-06-23,0.0
2010-06-24,0.0
2010-06-25,0.0
2010-06-26,0.0
2010-06-27,0.0
2010-06-28,0.0
2010-06-29,0.0
2010-06-30,0.0
2010-07-01,0.0
2010-07-02,0.0
2010-07-03,0.0
2010-07-04,0.0
2010-07-05,0.0
2010-07-06,0.0
2010-07-07,0.0
2010-07-08,0.0
2010-07-09,0.0
2010-07-10,0.0
2010-07-11,0.0
2010-07-12,0.0
2010-07-13,0.0
2010-07-14,0.0
2010-07-15,0.0
2010-07-16,0.0
2010-07-17,0.0
2010-07-18,0.0
2010-07-19,0.0
2010-07-20,0.0
2010-07-21,0.0
2010-07-22,0.0
2010-07-23,0.0
2010-07-24,0.0
2010-07-25,0.0
2010-07-26,0.0
2010-07-27,0.0
2010-07-28,0.0
2010-07-29,0.0
2010-07-30,0.0
2010-07-31,0.0
2010-08-01,0.0
2010-08-02,0.0
2010-08-03,0.0
2010-08-04,0.0
2010-08-05,0.0
2010-08-06,0.0
2010-08-07,0.0
2010-08-08,0.0
2010-08-09,0.0
2010-08-10,0.0
2010-08-11,0.0
2010-08-12,0.0
2010-08-13,0.0
2010-08-14,0.0
2010-08-15,0.0
2010-08-16,0.0
2010-08-17,0.0
2010-08-18,277566.6
2010-08-19,277566.6
2010-08-20,251208.875
2010-08-21,251208.875
2010-08-22,251350.56
2010-08-23,251350.56
2010-08-24,254612.97850000003
2010-08-25,254612.97850000003
2010-08-26,254574.79675
2010-08-27,254574.79675
2010-08-28,249996.5
2010-08-29,249996.5
2010-08-30,266440.05000000005
2010-08-31,266440.05000000005
2010-09-01,251747.1
2010-09-02,251747.1
2010-09-03,246914.47
2010-09-04,246914.47
2010-09-05,246039.64
2010-09-06,246039.64
2010-09-07,242922.06
2010-09-08,242922.06
2010-09-09,246027.6
2010-09-10,246027.6
2010-09-11,245482.8
2010-09-12,245482.8
2010-09-13,246598.2675
2010-09-14,246598.2675
2010-09-15,699282.5
2010-09-16,699282.5
2010-09-17,244586.58
2010-09-18,244586.58
2010-09-19,252809.19145
2010-09-20,252809.19145
2010-09-21,256868.235
2010-09-22,256868.235
2010-09-23,256863.6
2010-09-24,256863.6
2010-09-25,255815.04
2010-09-26,255815.04
2010-09-27,256372.6981
2010-09-28,256372.6981
2010-09-29,257528.79
2010-09-30,257528.79
2010-10-01,257658.54415
2010-10-02,257658.54415
2010-10-03,255875.29
2010-10-04,255875.29
2010-10-05,263457.412
2010-10-06,263457.412
2010-10-07,267797.31
2010-10-08,267797.31
2010-10-09,505584.12850000005
2010-10-10,505584.12850000005
2010-10-11,550283.97
2010-10-12,550283.97
2010-10-13,403384.25
2010-10-14,403384.25
2010-10-15,507535.0
2010-10-16,507535.0
2010-10-17,448414.725
2010-10-18,448414.725
2010-10-19,441984.0
2010-10-20,441984.0
2010-10-21,473016.4
2010-10-22,473016.4
2010-10-23,474842.1095
2010-10-24,474842.1095
2010-10-25,656385.0
2010-10-26,656385.0
2010-10-27,835734.0
2010-10-28,835734.0
2010-10-29,844430.1
2010-10-30,844430.1
2010-10-31,883997.8
2010-11-01,883997.8
2010-11-02,871930.0
2010-11-03,871930.0
2010-11-04,1057230.396
2010-11-05,1057230.396
2010-11-06,1305188.5
2010-11-07,1305188.5
2010-11-08,1674657.0
2010-11-09,1674657.0
2010-11-10,1212884.925
2010-11-11,1212884.925
2010-11-12,1146542.9
2010-11-13,1146542.9
2010-11-14,1372634.25
2010-11-15,1372634.25
2010-11-16,1303487.295
2010-11-17,1303487.295
2010-11-18,1344580.3635
2010-11-19,1344580.3635
2010-11-20,1344008.95
2010-11-21,1344008.95
2010-11-22,1315614.6
2010-11-23,1315614.6
2010-11-24,1324888.4325
2010-11-25,1324888.4325
2010-11-26,1358155.5
2010-11-27,1358155.5
2010-11-28,1342491.1394999998
2010-11-29,1342491.1394999998
2010-11-30,1302963.75
2010-12-01,1302963.75
2010-12-02,1189137.5
2010-12-03,1189137.5
2010-12-04,1236791.1900000002
2010-12-05,1236791.1900000002
2010-12-06,1080225.0
2010-12-07,1080225.0
2010-12-08,1194954.34
2010-12-09,1194954.34
2010-12-10,988216.8
2010-12-11,988216.8
2010-12-12,1108422.0
2010-12-13,1108422.0
2010-12-14,1121767.5
2010-12-15,1121767.5
2010-12-16,1203803.45
2010-12-17,1203803.45
2010-12-18,1223100.45
2010-12-19,1223100.45
2010-12-20,1355530.0
2010-12-21,1355530.0
2010-12-22,1320835.65
2010-12-23,1320835.65
2010-12-24,1240400.0
2010-12-25,1240400.0
2010-12-26,1343798.52295
2010-12-27,1343798.52295
2010-12-28,1398194.0000000002
2010-12-29,1398194.0000000002
2010-12-30,1503039.98985
2010-12-31,1503039.98985
2011-01-01,1508164.9455
2011-01-02,1508164.9455
2011-01-03,1513324.9111
2011-01-04,1513324.9111
2011-01-05,1512645.8319
2011-01-06,1512645.8319
2011-01-07,1633699.2
2011-01-08,1633699.2
2011-01-09,1644318.2184
2011-01-10,1644318.2184
2011-01-11,1680285.25
2011-01-12,1680285.25
2011-01-13,2075564.25
2011-01-14,2075564.25
2011-01-15,2056860.0
2011-01-16,2056860.0
2011-01-17,2063780.0
2011-01-18,2063780.0
2011-01-19,1760391.61
2011-01-20,1760391.61
2011-01-21,2285096.0
2011-01-22,2285096.0
2011-01-23,2314847.43
2011-01-24,2314847.43
2011-01-25,2221432.5
2011-01-26,2221432.5
2011-01-27,2189116.91
2011-01-28,2189116.91
2011-01-29,2346093.8
2011-01-30,2346093.8
2011-01-31,2638000.0
2011-02-01,2638000.0
2011-02-02,4446686.01195
2011-02-03,4446686.01195
2011-02-04,4672800.0
2011-02-05,4672800.0
2011-02-06,4901668.0
2011-02-07,4901668.0
2011-02-08,4812120.0
2011-02-09,4812120.0
2011-02-10,5901940.000000001
2011-02-11,5901940.000000001
2011-02-12,5868512.055000002
2011-02-13,5868512.055000002
2011-02-14,5836266.0
2011-02-15,5836266.0
2011-02-16,5698435.959
2011-02-17,5698435.959
2011-02-18,5722380.291
2011-02-19,5722380.291
2011-02-20,5220511.9216
2011-02-21,5220511.9216
2011-02-22,4770941.013
2011-02-23,4770941.013
2011-02-24,5233806.515
2011-02-25,5233806.515
2011-02-26,5470235.4945
2011-02-27,5470235.4945
2011-02-28,5273357.8974
2011-03-01,5273357.8974
2011-03-02,5290718.43
2011-03-03,5290718.43
2011-03-04,5249611.44
2011-03-05,5249611.44
2011-03-06,5113241.209
2011-03-07,5113241.209
2011-03-08,5114430.72
2011-03-09,5114430.72
2011-03-10,4916761.5
2011-03-11,4916761.5
2011-03-12,5210146.4849999985
2011-03-13,5210146.4849999985
2011-03-14,5109165.0
2011-03-15,5109165.0
2011-03-16,5063210.0
2011-03-17,5063210.0
2011-03-18,4850600.91165
2011-03-19,4850600.91165
2011-03-20,4514178.5
2011-03-21,4514178.5
2011-03-22,4580532.2172
2011-03-23,4580532.2172
2011-03-24,5168880.0
2011-03-25,5168880.0
2011-03-26,5211306.75
2011-03-27,5211306.75
2011-03-28,4951333.625
2011-03-29,4951333.625
2011-03-30,4602771.75
2011-03-31,4602771.75
2011-04-01,4646625.745
2011-04-02,4646625.745
2011-04-03,4659874.739999998
2011-04-04,4659874.739999998
2011-04-05,4150234.0
2011-04-06,4150234.0
2011-04-07,4499067.465
2011-04-08,4499067.465
2011-04-09,4510571.12
2011-04-10,4510571.12
2011-04-11,4601886.3
2011-04-12,4601886.3
2011-04-13,5910700.0
2011-04-14,5910700.0
2011-04-15,6458844.744
2011-04-16,6458844.744
2011-04-17,6447992.25
2011-04-18,6447992.25
2011-04-19,7089663.0
2011-04-20,7089663.0
2011-04-21,7155236.385
2011-04-22,7155236.385
2011-04-23,9278974.7
2011-04-24,9278974.7
2011-04-25,10218927.6
2011-04-26,10218927.6
2011-04-27,11752162.5
2011-04-28,11752162.5
2011-04-29,16320960.000000002
2011-04-30,16320960.000000002
2011-05-01,24801146.5
2011-05-02,24801146.5
2011-05-03,21230019.0
2011-05-04,21230019.0
2011-05-05,21363300.0
2011-05-06,21363300.0
2011-05-07,22661390.0
2011-05-08,22661390.0
2011-05-09,24202510.65
2011-05-10,24202510.65
2011-05-11,37401642.0
2011-05-12,37401642.0
2011-05-13,52263672.49999999
2011-05-14,52263672.49999999
2011-05-15,53085667.50000001
2011-05-16,53085667.50000001
2011-05-17,52289118.7805
2011-05-18,52289118.7805
2011-05-19,45920875.0
2011-05-20,45920875.0
2011-05-21,41458061.16
2011-05-22,41458061.16
2011-05-23,46969642.5
2011-05-24,46969642.5
2011-05-25,47568340.0
2011-05-26,47568340.0
2011-05-27,56729416.0
2011-05-28,56729416.0
2011-05-29,54192599.04
2011-05-30,54192599.04
2011-05-31,60716546.73
2011-06-01,60716546.73
2011-06-02,67751057.5
2011-06-03,67751057.5
2011-06-04,111958487.0
2011-06-05,111958487.0
2011-06-06,124102728.0
2011-06-07,124102728.0
2011-06-08,206495344.88
2011-06-09,206495344.88
2011-06-10,227258500.0
2011-06-11,227258500.0
2011-06-12,162849834.0
2011-06-13,162849834.0
2011-06-14,137276699.0
2011-06-15,137276699.0
2011-06-16,131022430.0
2011-06-17,131022430.0
2011-06-18,113233620.0
2011-06-19,113233620.0
2011-06-20,114612365.0
2011-06-21,114612365.0
2011-06-22,99795797.5
2011-06-23,99795797.5
2011-06-24,111469402.985
2011-06-25,111469402.985
2011-06-26,116794393.2015
2011-06-27,116794393.2015
2011-06-28,117135216.0
2011-06-29,117135216.0
2011-06-30,117314750.0
2011-07-01,117314750.0
2011-07-02,110836710.5
2011-07-03,110836710.5
2011-07-04,106791752.5
2011-07-05,106791752.5
2011-07-06,111424500.0
2011-07-07,111424500.0
2011-07-08,105856903.33399999
2011-07-09,105856903.33399999
2011-07-10,106345680.0
2011-07-11,106345680.0
2011-07-12,99505800.37200001
2011-07-13,99505800.37200001
2011-07-14,96073875.0
2011-07-15,96073875.0
2011-07-16,96299475.0
2011-07-17,96299475.0
2011-07-18,93720371.085
2011-07-19,93720371.085
2011-07-20,96331248.0
2011-07-21,96331248.0
2011-07-22,95845270.29
2011-07-23,95845270.29
2011-07-24,96352250.10785
2011-07-25,96352250.10785
2011-07-26,99481680.0
2011-07-27,99481680.0
2011-07-28,96961200.0
2011-07-29,96961200.0
2011-07-30,95792010.0
2011-07-31,95792010.0
2011-08-01,94289725.86
2011-08-02,94289725.86
2011-08-03,91358090.0
2011-08-04,91358090.0
2011-08-05,80705047.5
2011-08-06,80705047.5
2011-08-07,68600980.0
2011-08-08,68600980.0
2011-08-09,84859720.0
2011-08-10,84859720.0
2011-08-11,73767809.17500001
2011-08-12,73767809.17500001
2011-08-13,70767075.0
2011-08-14,70767075.0
2011-08-15,83881572.0
2011-08-16,83881572.0
2011-08-17,79868400.0
2011-08-18,79868400.0
2011-08-19,83646096.5
2011-08-20,83646096.5
2011-08-21,82255968.5
2011-08-22,82255968.5
2011-08-23,81745030.5
2011-08-24,81745030.5
2011-08-25,78155789.796
2011-08-26,78155789.796
2011-08-27,65060431.49999999
2011-08-28,65060431.49999999
2011-08-29,67823996.96
2011-08-30,67823996.96
2011-08-31,64520100.0
2011-09-01,64520100.0
2011-09-02,61050573.31500001
2011-09-03,61050573.31500001
2011-09-04,61848869.491363905
2011-09-05,61848869.491363905
2011-09-06,55222838.7035
2011-09-07,55222838.7035
2011-09-08,52855548.5495
2011-09-09,52855548.5495
2011-09-10,44950718.12544794
2011-09-11,44950718.12544794
2011-09-12,51359201.1
2011-09-13,51359201.1
2011-09-14,43532325.006540745
2011-09-15,43532325.006540745
2011-09-16,38080676.0
2011-09-17,38080676.0
2011-09-18,36478500.0
2011-09-19,36478500.0
2011-09-20,49662956.25
2011-09-21,49662956.25
2011-09-22,42696952.7365
2011-09-23,42696952.7365
2011-09-24,41524873.0
2011-09-25,41524873.0
2011-09-26,40134759.07
2011-09-27,40134759.07
2011-09-28,36738746.55
2011-09-29,36738746.55
2011-09-30,39465880.0
2011-10-01,39465880.0
2011-10-02,38133174.0
2011-10-03,38133174.0
2011-10-04,37237844.5
2011-10-05,37237844.5
2011-10-06,36564084.5
2011-10-07,36564084.5
2011-10-08,34131123.0
2011-10-09,34131123.0
2011-10-10,31696314.8235
2011-10-11,31696314.8235
2011-10-12,31347371.136000004
2011-10-13,31347371.136000004
2011-10-14,30711001.200000007
2011-10-15,30711001.200000007
2011-10-16,29167809.48149544
2011-10-17,29167809.48149544
2011-10-18,21718680.0
2011-10-19,21718680.0
2011-10-20,18152299.0
2011-10-21,18152299.0
2011-10-22,24791415.0
2011-10-23,24791415.0
2011-10-24,24076640.0
2011-10-25,24076640.0
2011-10-26,21673248.4
2011-10-27,21673248.4
2011-10-28,24564671.25
2011-10-29,24564671.25
2011-10-30,27587022.463000003
2011-10-31,27587022.463000003
2011-11-01,25365195.0
2011-11-02,25365195.0
2011-11-03,25024894.4
2011-11-04,25024894.4
2011-11-05,24396802.5
2011-11-06,24396802.5
2011-11-07,23062650.380000006
2011-11-08,23062650.380000006
2011-11-09,23757951.6
2011-11-10,23757951.6
2011-11-11,22928250.0
2011-11-12,22928250.0
2011-11-13,23728578.15
2011-11-14,23728578.15
2011-11-15,20638487.0
2011-11-16,20638487.0
2011-11-17,19986502.722
2011-11-18,19986502.722
2011-11-19,17708160.0
2011-11-20,17708160.0
2011-11-21,17661281.5
2011-11-22,17661281.5
2011-11-23,18387047.0
2011-11-24,18387047.0
2011-11-25,19808640.0
2011-11-26,19808640.0
2011-11-27,19347375.700000007
2011-11-28,19347375.700000007
2011-11-29,23141353.95
2011-11-30,23141353.95
2011-12-01,24427630.0
2011-12-02,24427630.0
2011-12-03,24397802.5515
2011-12-04,24397802.5515
2011-12-05,22882421.0
2011-12-06,22882421.0
2011-12-07,24116650.0
2011-12-08,24116650.0
2011-12-09,23826519.75
2011-12-10,23826519.75
2011-12-11,26551083.0
2011-12-12,26551083.0
2011-12-13,25966050.0
2011-12-14,25966050.0
2011-12-15,25169111.605
2011-12-16,25169111.605
2011-12-17,25501980.5
2011-12-18,25501980.5
2011-12-19,29270772.69
2011-12-20,29270772.69
2011-12-21,32570722.500000004
2011-12-22,32570722.500000004
2011-12-23,31360037.5
2011-12-24,31360037.5
2011-12-25,34918088.135000005
2011-12-26,34918088.135000005
2011-12-27,32362666.0
2011-12-28,32362666.0
2011-12-29,34577648.0
2011-12-30,34577648.0
2011-12-31,39960249.75
2012-01-01,39960249.75
2012-01-02,44082248.49
2012-01-03,44082248.49
2012-01-04,45023634.67
2012-01-05,45023634.67
2012-01-06,58097535.0
2012-01-07,58097535.0
2012-01-08,58059720.0
2012-01-09,58059720.0
2012-01-10,55665688.0
2012-01-11,55665688.0
2012-01-12,56641414.7
2012-01-13,56641414.7
2012-01-14,54737775.0
2012-01-15,54737775.0
2012-01-16,58406774.448
2012-01-17,58406774.448
2012-01-18,56570220.0
2012-01-19,56570220.0
2012-01-20,53648714.0
2012-01-21,53648714.0
2012-01-22,52198312.5
2012-01-23,52198312.5
2012-01-24,53319085.75
2012-01-25,53319085.75
2012-01-26,50829460.0
2012-01-27,50829460.0
2012-01-28,47209555.95
2012-01-29,47209555.95
2012-01-30,46084920.0
2012-01-31,46084920.0
2012-02-01,46480235.8
2012-02-02,46480235.8
2012-02-03,50784017.0
2012-02-04,50784017.0
2012-02-05,49341178.125
2012-02-06,49341178.125
2012-02-07,47334675.10200001
2012-02-08,47334675.10200001
2012-02-09,48160880.0
2012-02-10,48160880.0
2012-02-11,49907100.0
2012-02-12,49907100.0
2012-02-13,47665904.0
2012-02-14,47665904.0
2012-02-15,40733848.0
2012-02-16,40733848.0
2012-02-17,39880133.287
2012-02-18,39880133.287
2012-02-19,36301388.7425
2012-02-20,36301388.7425
2012-02-21,37217219.63
2012-02-22,37217219.63
2012-02-23,41403862.632
2012-02-24,41403862.632
2012-02-25,42703596.0
2012-02-26,42703596.0
2012-02-27,43035330.0
2012-02-28,43035330.0
2012-02-29,41429990.0
2012-03-01,41429990.0
2012-03-02,42253568.604
2012-03-03,42253568.604
2012-03-04,41561800.0
2012-03-05,41561800.0
2012-03-06,42904800.0
2012-03-07,42904800.0
2012-03-08,42556250.0
2012-03-09,42556250.0
2012-03-10,42129308.0
2012-03-11,42129308.0
2012-03-12,42367506.195
2012-03-13,42367506.195
2012-03-14,46592086.32
2012-03-15,46592086.32
2012-03-16,46285560.0
2012-03-17,46285560.0
2012-03-18,46202192.244
2012-03-19,46202192.244
2012-03-20,42843438.0
2012-03-21,42843438.0
2012-03-22,42060720.0
2012-03-23,42060720.0
2012-03-24,41002995.53600001
2012-03-25,41002995.53600001
2012-03-26,40983331.39650001
2012-03-27,40983331.39650001
2012-03-28,41991835.168000005
2012-03-29,41991835.168000005
2012-03-30,41923675.5
2012-03-31,41923675.5
2012-04-01,42860119.5
2012-04-02,42860119.5
2012-04-03,43628332.5
2012-04-04,43628332.5
2012-04-05,43125360.275
2012-04-06,43125360.275
2012-04-07,43495320.0
2012-04-08,43495320.0
2012-04-09,41994480.0
2012-04-10,41994480.0
2012-04-11,42887732.415
2012-04-12,42887732.415
2012-04-13,43395891.264
2012-04-14,43395891.264
2012-04-15,43802661.6265
2012-04-16,43802661.6265
2012-04-17,44207273.382
2012-04-18,44207273.382
2012-04-19,45757635.0
2012-04-20,45757635.0
2012-04-21,48397168.00000001
2012-04-22,48397168.00000001
2012-04-23,46160687.63550001
2012-04-24,46160687.63550001
2012-04-25,45715020.0
2012-04-26,45715020.0
2012-04-27,45584944.2
2012-04-28,45584944.2
2012-04-29,44611568.64
2012-04-30,44611568.64
2012-05-01,44535000.0
2012-05-02,44535000.0
2012-05-03,46256832.0
2012-05-04,46256832.0
2012-05-05,46029063.225
2012-05-06,46029063.225
2012-05-07,45626604.79
2012-05-08,45626604.79
2012-05-09,45728234.788
2012-05-10,45728234.788
2012-05-11,45219241.213999994
2012-05-12,45219241.213999994
2012-05-13,44989920.0
2012-05-14,44989920.0
2012-05-15,45879733.0
2012-05-16,45879733.0
2012-05-17,46339889.4
2012-05-18,46339889.4
2012-05-19,46490363.527
2012-05-20,46490363.527
2012-05-21,46602376.5
2012-05-22,46602376.5
2012-05-23,46776948.0
2012-05-24,46776948.0
2012-05-25,46750927.5
2012-05-26,46750927.5
2012-05-27,46809734.4
2012-05-28,46809734.4
2012-05-29,46979431.785
2012-05-30,46979431.785
2012-05-31,47331762.0
2012-06-01,47331762.0
2012-06-02,48224456.85
2012-06-03,48224456.85
2012-06-04,48301442.1
2012-06-05,48301442.1
2012-06-06,50137199.5
2012-06-07,50137199.5
2012-06-08,51956253.0
2012-06-09,51956253.0
2012-06-10,51683768.0
2012-06-11,51683768.0
2012-06-12,52503270.0
2012-06-13,52503270.0
2012-06-14,54897675.0
2012-06-15,54897675.0
2012-06-16,60990927.55
2012-06-17,60990927.55
2012-06-18,59872544.46
2012-06-19,59872544.46
2012-06-20,61674334.7565
2012-06-21,61674334.7565
2012-06-22,63151470.75
2012-06-23,63151470.75
2012-06-24,61318087.9
2012-06-25,61318087.9
2012-06-26,60111887.20999999
2012-06-27,60111887.20999999
2012-06-28,62238162.525
2012-06-29,62238162.525
2012-06-30,62556793.8
2012-07-01,62556793.8
2012-07-02,63190462.5
2012-07-03,63190462.5
2012-07-04,61417712.5
2012-07-05,61417712.5
2012-07-06,63245279.2125
2012-07-07,63245279.2125
2012-07-08,64629181.5
2012-07-09,64629181.5
2012-07-10,68214906.75
2012-07-11,68214906.75
2012-07-12,69083598.0
2012-07-13,69083598.0
2012-07-14,72684419.5665
2012-07-15,72684419.5665
2012-07-16,78488773.19999999
2012-07-17,78488773.19999999
2012-07-18,89143780.756
2012-07-19,89143780.756
2012-07-20,87704874.675
2012-07-21,87704874.675
2012-07-22,85616550.0
2012-07-23,85616550.0
2012-07-24,85375360.00000001
2012-07-25,85375360.00000001
2012-07-26,84951390.0
2012-07-27,84951390.0
2012-07-28,85388660.0
2012-07-29,85388660.0
2012-07-30,87643275.0
2012-07-31,87643275.0
2012-08-01,91509588.0
2012-08-02,91509588.0
2012-08-03,106835545.74
2012-08-04,106835545.74
2012-08-05,107654894.77
2012-08-06,107654894.77
2012-08-07,106401312.0
2012-08-08,106401312.0
2012-08-09,115851000.0
2012-08-10,115851000.0
2012-08-11,112155558.858
2012-08-12,112155558.858
2012-08-13,114978064.6355
2012-08-14,114978064.6355
2012-08-15,122938910.5
2012-08-16,122938910.5
2012-08-17,149657200.0
2012-08-18,149657200.0
2012-08-19,116799600.0
2012-08-20,116799600.0
2012-08-21,100443442.48200001
2012-08-22,100443442.48200001
2012-08-23,100116875.0
2012-08-24,100116875.0
2012-08-25,100263962.5
2012-08-26,100263962.5
2012-08-27,119046817.019
2012-08-28,119046817.019
2012-08-29,110013720.861
2012-08-30,110013720.861
2012-08-31,106505519.305
2012-09-01,106505519.305
2012-09-02,100317904.0525
2012-09-03,100317904.0525
2012-09-04,104452513.01
2012-09-05,104452513.01
2012-09-06,110342286.5
2012-09-07,110342286.5
2012-09-08,110912300.5
2012-09-09,110912300.5
2012-09-10,110256330.3
2012-09-11,110256330.3
2012-09-12,112922496.765
2012-09-13,112922496.765
2012-09-14,116785600.0
2012-09-15,116785600.0
2012-09-16,119346661.5
2012-09-17,119346661.5
2012-09-18,120549390.0
2012-09-19,120549390.0
2012-09-20,126682643.43
2012-09-21,126682643.43
2012-09-22,124460997.425
2012-09-23,124460997.425
2012-09-24,123204030.4
2012-09-25,123204030.4
2012-09-26,123194188.0
2012-09-27,123194188.0
2012-09-28,125030467.8
2012-09-29,125030467.8
2012-09-30,125541438.1155
2012-10-01,125541438.1155
2012-10-02,129800132.0
2012-10-03,129800132.0
2012-10-04,132093453.375
2012-10-05,132093453.375
2012-10-06,130356333.9485
2012-10-07,130356333.9485
2012-10-08,122253224.0
2012-10-09,122253224.0
2012-10-10,123140250.0
2012-10-11,123140250.0
2012-10-12,123315817.5
2012-10-13,123315817.5
2012-10-14,121963800.0
2012-10-15,121963800.0
2012-10-16,122047409.0
2012-10-17,122047409.0
2012-10-18,121918840.12200001
2012-10-19,121918840.12200001
2012-10-20,120973687.5
2012-10-21,120973687.5
2012-10-22,120756659.5
2012-10-23,120756659.5
2012-10-24,121032072.0
2012-10-25,121032072.0
2012-10-26,113824274.454
2012-10-27,113824274.454
2012-10-28,108984859.0
2012-10-29,108984859.0
2012-10-30,111616662.5
2012-10-31,111616662.5
2012-11-01,116184415.05
2012-11-02,116184415.05
2012-11-03,109352715.8895
2012-11-04,109352715.8895
2012-11-05,112607900.0
2012-11-06,112607900.0
2012-11-07,116037120.7695
2012-11-08,116037120.7695
2012-11-09,114696270.0
2012-11-10,114696270.0
2012-11-11,113498688.4
2012-11-12,113498688.4
2012-11-13,115624189.05
2012-11-14,115624189.05
2012-11-15,115623943.3
2012-11-16,115623943.3
2012-11-17,122927090.0
2012-11-18,122927090.0
2012-11-19,123093261.36700001
2012-11-20,123093261.36700001
2012-11-21,123110983.2
2012-11-22,123110983.2
2012-11-23,130041417.0
2012-11-24,130041417.0
2012-11-25,132010830.0
2012-11-26,132010830.0
2012-11-27,131472173.074
2012-11-28,131472173.074
2012-11-29,132348085.35
2012-11-30,132348085.35
2012-12-01,133372357.3875
2012-12-02,133372357.3875
2012-12-03,133375577.794
2012-12-04,133375577.794
2012-12-05,142089862.5
2012-12-06,142089862.5
2012-12-07,144075708.0
2012-12-08,144075708.0
2012-12-09,142585566.75
2012-12-10,142585566.75
2012-12-11,143842560.54349998
2012-12-12,143842560.54349998
2012-12-13,145620234.24975
2012-12-14,145620234.24975
2012-12-15,145404477.465
2012-12-16,145404477.465
2012-12-17,142590847.29999998
2012-12-18,142590847.29999998
2012-12-19,141635134.42499998
2012-12-20,141635134.42499998
2012-12-21,144340054.25
2012-12-22,144340054.25
2012-12-23,142721448.9245
2012-12-24,142721448.9245
2012-12-25,142430120.0
2012-12-26,142430120.0
2012-12-27,142744620.75
2012-12-28,142744620.75
2012-12-29,144970008.25
2012-12-30,144970008.25
2012-12-31,144233048.25
2013-01-01,144233048.25
2013-01-02,142323745.0
2013-01-03,142323745.0
2013-01-04,143379674.982
2013-01-05,143379674.982
2013-01-06,143904635.39025
2013-01-07,143904635.39025
2013-01-08,147203062.5
2013-01-09,147203062.5
2013-01-10,152518740.0
2013-01-11,152518740.0
2013-01-12,152924255.9325
2013-01-13,152924255.9325
2013-01-14,152490195.0
2013-01-15,152490195.0
2013-01-16,156730161.1
2013-01-17,156730161.1
2013-01-18,170657458.5
2013-01-19,170657458.5
2013-01-20,169751678.25
2013-01-21,169751678.25
2013-01-22,188033142.25
2013-01-23,188033142.25
2013-01-24,205271964.78175
2013-01-25,205271964.78175
2013-01-26,188597440.003
2013-01-27,188597440.003
2013-01-28,197628097.5
2013-01-29,197628097.5
2013-01-30,211168732.5
2013-01-31,211168732.5
2013-02-01,228502140.0
2013-02-02,228502140.0
2013-02-03,222019446.0
2013-02-04,222019446.0
2013-02-05,223381273.5
2013-02-06,223381273.5
2013-02-07,238161230.0
2013-02-08,238161230.0
2013-02-09,254997457.218
2013-02-10,254997457.218
2013-02-11,260524441.3625
2013-02-12,260524441.3625
2013-02-13,281226739.75025
2013-02-14,281226739.75025
2013-02-15,291142825.8555
2013-02-16,291142825.8555
2013-02-17,276386540.655
2013-02-18,276386540.655
2013-02-19,310961401.73975
2013-02-20,310961401.73975
2013-02-21,322147492.233
2013-02-22,322147492.233
2013-02-23,316761071.633
2013-02-24,316761071.633
2013-02-25,327526689.52325
2013-02-26,327526689.52325
2013-02-27,340278648.65775
2013-02-28,340278648.65775
2013-03-01,378234362.555
2013-03-02,378234362.555
2013-03-03,370055664.6435
2013-03-04,370055664.6435
2013-03-05,434841407.0
2013-03-06,434841407.0
2013-03-07,461811834.59775
2013-03-08,461811834.59775
2013-03-09,500413490.286
2013-03-10,500413490.286
2013-03-11,519656182.44
2013-03-12,519656182.44
2013-03-13,509745491.08
2013-03-14,509745491.08
2013-03-15,515066888.7937501
2013-03-16,515066888.7937501
2013-03-17,517607733.665
2013-03-18,517607733.665
2013-03-19,630724760.0
2013-03-20,630724760.0
2013-03-21,806634000.0
2013-03-22,806634000.0
2013-03-23,689275125.0
2013-03-24,689275125.0
2013-03-25,809051214.6060001
2013-03-26,809051214.6060001
2013-03-27,974055075.0
2013-03-28,974055075.0
2013-03-29,976502263.75
2013-03-30,976502263.75
2013-03-31,1015081234.7385
2013-04-01,1015081234.7385
2013-04-02,1194254982.75
2013-04-03,1194254982.75
2013-04-04,1450949397.95375
2013-04-05,1450949397.95375
2013-04-06,1567463462.67625
2013-04-07,1567463462.67625
2013-04-08,2025508800.0
2013-04-09,2025508800.0
2013-04-10,2181366000.0
2013-04-11,2181366000.0
2013-04-12,843312707.4
2013-04-13,843312707.4
2013-04-14,1004046225.0
2013-04-15,1004046225.0
2013-04-16,1004826550.0
2013-04-17,1004826550.0
2013-04-18,1066353950.0
2013-04-19,1066353950.0
2013-04-20,1369526213.0
2013-04-21,1369526213.0
2013-04-22,1366749056.75
2013-04-23,1366749056.75
2013-04-24,1696508264.0219998
2013-04-25,1696508264.0219998
2013-04-26,1502740452.075
2013-04-27,1502740452.075
2013-04-28,1508159586.84775
2013-04-29,1508159586.84775
2013-04-30,1543897758.775
2013-05-01,1543897758.775
2013-05-02,1166088333.168
2013-05-03,1166088333.168
2013-05-04,1244556534.99375
2013-05-05,1244556534.99375
2013-05-06,1345090886.2895
2013-05-07,1345090886.2895
2013-05-08,1268209485.0452502
2013-05-09,1268209485.0452502
2013-05-10,1310702188.0
2013-05-11,1310702188.0
2013-05-12,1274287886.0
2013-05-13,1274287886.0
2013-05-14,1327427150.0
2013-05-15,1327427150.0
2013-05-16,1284654522.4160001
2013-05-17,1284654522.4160001
2013-05-18,1382268379.0075
2013-05-19,1382268379.0075
2013-05-20,1370877559.2715
2013-05-21,1370877559.2715
2013-05-22,1371731466.0
2013-05-23,1371731466.0
2013-05-24,1471892650.0
2013-05-25,1471892650.0
2013-05-26,1501517528.98925
2013-05-27,1501517528.98925
2013-05-28,1438449537.775
2013-05-29,1438449537.775
2013-05-30,1469538093.198
2013-05-31,1469538093.198
2013-06-01,1450625584.71
2013-06-02,1450625584.71
2013-06-03,1348575224.7625
2013-06-04,1348575224.7625
2013-06-05,1376864586.9675
2013-06-06,1376864586.9675
2013-06-07,1241579898.069
2013-06-08,1241579898.069
2013-06-09,1109296698.62375
2013-06-10,1109296698.62375
2013-06-11,1217610900.0
2013-06-12,1217610900.0
2013-06-13,1229956000.0
2013-06-14,1229956000.0
2013-06-15,1151516393.146
2013-06-16,1151516393.146
2013-06-17,1136058016.38225
2013-06-18,1136058016.38225
2013-06-19,1219398180.0
2013-06-20,1219398180.0
2013-06-21,1256073225.0
2013-06-22,1256073225.0
2013-06-23,1219485056.98575
2013-06-24,1219485056.98575
2013-06-25,1177011684.4675
2013-06-26,1177011684.4675
2013-06-27,1165723515.15825
2013-06-28,1165723515.15825
2013-06-29,1087840603.1405
2013-06-30,1087840603.1405
2013-07-01,1033462011.05
2013-07-02,1033462011.05
2013-07-03,941044770.0
2013-07-04,941044770.0
2013-07-05,771818503.638
2013-07-06,771818503.638
2013-07-07,807555842.15
2013-07-08,807555842.15
2013-07-09,869603878.63
2013-07-10,869603878.63
2013-07-11,993690836.25
2013-07-12,993690836.25
2013-07-13,1095300550.125
2013-07-14,1095300550.125
2013-07-15,1123279548.807
2013-07-16,1123279548.807
2013-07-17,1119468900.5
2013-07-18,1119468900.5
2013-07-19,1068169073.5935
2013-07-20,1068169073.5935
2013-07-21,1017893727.05275
2013-07-22,1017893727.05275
2013-07-23,1092556078.6
2013-07-24,1092556078.6
2013-07-25,1102464025.0
2013-07-26,1102464025.0
2013-07-27,1091873110.707
2013-07-28,1091873110.707
2013-07-29,1159687050.0955
2013-07-30,1159687050.0955
2013-07-31,1205611283.40625
2013-08-01,1205611283.40625
2013-08-02,1212854375.0
2013-08-03,1212854375.0
2013-08-04,1204281157.95
2013-08-05,1204281157.95
2013-08-06,1230715956.9045
2013-08-07,1230715956.9045
2013-08-08,1174293052.5
2013-08-09,1174293052.5
2013-08-10,1183611635.3830001
2013-08-11,1183611635.3830001
2013-08-12,1212190667.9705
2013-08-13,1212190667.9705
2013-08-14,1155734116.25
2013-08-15,1155734116.25
2013-08-16,1139007098.5
2013-08-17,1139007098.5
2013-08-18,1145854489.0
2013-08-19,1145854489.0
2013-08-20,1211248945.75
2013-08-21,1211248945.75
2013-08-22,1286747437.75
2013-08-23,1286747437.75
2013-08-24,1262105427.0
2013-08-25,1262105427.0
2013-08-26,1297880610.0
2013-08-27,1297880610.0
2013-08-28,1385377931.25
2013-08-29,1385377931.25
2013-08-30,1450961407.75
2013-08-31,1450961407.75
2013-09-01,1522502783.0
2013-09-02,1522502783.0
2013-09-03,1519566392.4999998
2013-09-04,1519566392.4999998
2013-09-05,1451422408.25
2013-09-06,1451422408.25
2013-09-07,1401657885.0
2013-09-08,1401657885.0
2013-09-09,1420313587.0
2013-09-10,1420313587.0
2013-09-11,1449999912.5
2013-09-12,1449999912.5
2013-09-13,1500297026.75
2013-09-14,1500297026.75
2013-09-15,1468452843.0
2013-09-16,1468452843.0
2013-09-17,1494135792.0
2013-09-18,1494135792.0
2013-09-19,1454681585.0
2013-09-20,1454681585.0
2013-09-21,1448821725.0
2013-09-22,1448821725.0
2013-09-23,1444503915.5
2013-09-24,1444503915.5
2013-09-25,1459413032.0
2013-09-26,1459413032.0
2013-09-27,1477191020.0
2013-09-28,1477191020.0
2013-09-29,1507679355.0
2013-09-30,1507679355.0
2013-10-01,1497171490.5
2013-10-02,1497171490.5
2013-10-03,1378615371.25
2013-10-04,1378615371.25
2013-10-05,1433550678.0
2013-10-06,1433550678.0
2013-10-07,1459305030.0
2013-10-08,1459305030.0
2013-10-09,1489654112.0
2013-10-10,1489654112.0
2013-10-11,1499813238.0
2013-10-12,1499813238.0
2013-10-13,1535485874.0
2013-10-14,1535485874.0
2013-10-15,1649680710.0
2013-10-16,1649680710.0
2013-10-17,1699564141.0000002
2013-10-18,1699564141.0000002
2013-10-19,1958730875.0
2013-10-20,1958730875.0
2013-10-21,2103224179.75
2013-10-22,2103224179.75
2013-10-23,2377290528.75
2013-10-24,2377290528.75
2013-10-25,2056551326.5
2013-10-26,2056551326.5
2013-10-27,2251714053.0
2013-10-28,2251714053.0
2013-10-29,2408599560.5
2013-10-30,2408599560.5
2013-10-31,2404920005.75
2013-11-01,2404920005.75
2013-11-02,2437295812.5
2013-11-03,2437295812.5
2013-11-04,2689641115.0
2013-11-05,2689641115.0
2013-11-06,3087643198.5
2013-11-07,3087643198.5
2013-11-08,3895040535.0
2013-11-09,3895040535.0
2013-11-10,3554569406.250001
2013-11-11,3554569406.250001
2013-11-12,4240843076.25
2013-11-13,4240843076.25
2013-11-14,4994001600.0
2013-11-15,4994001600.0
2013-11-16,5202089043.75
2013-11-17,5202089043.75
2013-11-18,7002760228.0
2013-11-19,7002760228.0
2013-11-20,7149668750.0
2013-11-21,7149668750.0
2013-11-22,9150340100.0
2013-11-23,9150340100.0
2013-11-24,10024956042.0
2013-11-25,10024956042.0
2013-11-26,10173483145.0
2013-11-27,10173483145.0
2013-11-28,12158197750.0
2013-11-29,12158197750.0
2013-11-30,13504897665.0
2013-12-01,13504897665.0
2013-12-02,11974044577.75
2013-12-03,11974044577.75
2013-12-04,13900051500.0
2013-12-05,13900051500.0
2013-12-06,10804928700.0
2013-12-07,10804928700.0
2013-12-08,8744799021.75
2013-12-09,8744799021.75
2013-12-10,11342353720.5
2013-12-11,11342353720.5
2013-12-12,10244844618.75
2013-12-13,10244844618.75
2013-12-14,10482304132.5
2013-12-15,10482304132.5
2013-12-16,8601410750.0
2013-12-17,8601410750.0
2013-12-18,6995691508.0
2013-12-19,6995691508.0
2013-12-20,8020567500.0
2013-12-21,8020567500.0
2013-12-22,7746302200.0
2013-12-23,7746302200.0
2013-12-24,7876450630.75
2013-12-25,7876450630.75
2013-12-26,8943399550.0
2013-12-27,8943399550.0
2013-12-28,8549801919.75
2013-12-29,8549801919.75
2013-12-30,9013010382.5
2013-12-31,9013010382.5
2014-01-01,9115018220.0
2014-01-02,9115018220.0
2014-01-03,9845053570.25
2014-01-04,9845053570.25
2014-01-05,10948873600.0
2014-01-06,10948873600.0
2014-01-07,10607038228.5
2014-01-08,10607038228.5
2014-01-09,9902844981.75
2014-01-10,9902844981.75
2014-01-11,10923824725.0
2014-01-12,10923824725.0
2014-01-13,9902642684.75
2014-01-14,9902642684.75
2014-01-15,10398269665.0
2014-01-16,10398269665.0
2014-01-17,9734293075.0
2014-01-18,9734293075.0
2014-01-19,10232530350.0
2014-01-20,10232530350.0
2014-01-21,10111586132.0
2014-01-22,10111586132.0
2014-01-23,10001792365.5
2014-01-24,10001792365.5
2014-01-25,9922504800.0
2014-01-26,9922504800.0
2014-01-27,9571727025.0
2014-01-28,9571727025.0
2014-01-29,9905916930.0
2014-01-30,9905916930.0
2014-01-31,9899258812.5
2014-02-01,9899258812.5
2014-02-02,10117509693.0
2014-02-03,10117509693.0
2014-02-04,9994983473.75
2014-02-05,9994983473.75
2014-02-06,9617966650.0
2014-02-07,9617966650.0
2014-02-08,8746243975.0
2014-02-09,8746243975.0
2014-02-10,8231719125.0
2014-02-11,8231719125.0
2014-02-12,8262169493.75
2014-02-13,8262169493.75
2014-02-14,8331452415.0
2014-02-15,8331452415.0
2014-02-16,7734813662.5
2014-02-17,7734813662.5
2014-02-18,7780597426.0
2014-02-19,7780597426.0
2014-02-20,7238794695.000002
2014-02-21,7238794695.000002
2014-02-22,7508165977.0
2014-02-23,7508165977.0
2014-02-24,6779936250.0
2014-02-25,6779936250.0
2014-02-26,7287410254.5
2014-02-27,7287410254.5
2014-02-28,7200509201.75
2014-03-01,7200509201.75
2014-03-02,6979296116.0
2014-03-03,6979296116.0
2014-03-04,8451643187.25
2014-03-05,8451643187.25
2014-03-06,8200135216.0
2014-03-07,8200135216.0
2014-03-08,7606014150.0
2014-03-09,7606014150.0
2014-03-10,7773366674.25
2014-03-11,7773366674.25
2014-03-12,8030086547.5
2014-03-13,8030086547.5
2014-03-14,7964578727.25
2014-03-15,7964578727.25
2014-03-16,7950718680.000002
2014-03-17,7950718680.000002
2014-03-18,7856357025.0
2014-03-19,7856357025.0
2014-03-20,7397493750.0
2014-03-21,7397493750.0
2014-03-22,6988706850.0
2014-03-23,6988706850.0
2014-03-24,7182689800.0
2014-03-25,7182689800.0
2014-03-26,7359247287.500002
2014-03-27,7359247287.500002
2014-03-28,6324533375.0
2014-03-29,6324533375.0
2014-03-30,5649401257.5
2014-03-31,5649401257.5
2014-04-01,6037174753.0
2014-04-02,6037174753.0
2014-04-03,5623561788.75
2014-04-04,5623561788.75
2014-04-05,5697532960.0
2014-04-06,5697532960.0
2014-04-07,5649057225.5
2014-04-08,5649057225.5
2014-04-09,5593849485.0
2014-04-10,5593849485.0
2014-04-11,5406562275.5
2014-04-12,5406562275.5
2014-04-13,5119777125.0
2014-04-14,5119777125.0
2014-04-15,6197777923.5
2014-04-16,6197777923.5
2014-04-17,6266167875.0
2014-04-18,6266167875.0
2014-04-19,6332183310.0
2014-04-20,6332183310.0
2014-04-21,6293422987.5
2014-04-22,6293422987.5
2014-04-23,6180815740.0
2014-04-24,6180815740.0
2014-04-25,5827336661.25
2014-04-26,5827336661.25
2014-04-27,5589358020.0
2014-04-28,5589358020.0
2014-04-29,5689505910.0
2014-04-30,5689505910.0
2014-05-01,5849556161.5
2014-05-02,5849556161.5
2014-05-03,5528578000.0
2014-05-04,5528578000.0
2014-05-05,5446671642.75
2014-05-06,5446671642.75
2014-05-07,5690164672.5
2014-05-08,5690164672.5
2014-05-09,5762215354.0
2014-05-10,5762215354.0
2014-05-11,5548979625.0
2014-05-12,5548979625.0
2014-05-13,5602955327.5
2014-05-14,5602955327.5
2014-05-15,5734657426.5
2014-05-16,5734657426.5
2014-05-17,5739904793.0
2014-05-18,5739904793.0
2014-05-19,5709600195.0
2014-05-20,5709600195.0
2014-05-21,6333680297.25
2014-05-22,6333680297.25
2014-05-23,6755202796.0
2014-05-24,6755202796.0
2014-05-25,7368495625.0
2014-05-26,7368495625.0
2014-05-27,7460868060.75
2014-05-28,7460868060.75
2014-05-29,7287397400.0
2014-05-30,7287397400.0
2014-05-31,7965213010.000002
2014-06-01,7965213010.000002
2014-06-02,8112594157.5
2014-06-03,8112594157.5
2014-06-04,8287765076.5
2014-06-05,8287765076.5
2014-06-06,8435141762.5
2014-06-07,8435141762.5
2014-06-08,8391843100.0
2014-06-09,8391843100.0
2014-06-10,8369770837.5
2014-06-11,8369770837.5
2014-06-12,7950831675.0
2014-06-13,7950831675.0
2014-06-14,7194308659.999998
2014-06-15,7194308659.999998
2014-06-16,7678237000.0
2014-06-17,7678237000.0
2014-06-18,7807381180.0
2014-06-19,7807381180.0
2014-06-20,7666832261.000002
2014-06-21,7666832261.000002
2014-06-22,7708059500.000002
2014-06-23,7708059500.000002
2014-06-24,7576975431.0
2014-06-25,7576975431.0
2014-06-26,7368023675.0
2014-06-27,7368023675.0
2014-06-28,7737216399.000002
2014-06-29,7737216399.000002
2014-06-30,8038858000.0
2014-07-01,8038858000.0
2014-07-02,8484227550.0
2014-07-03,8484227550.0
2014-07-04,8248755523.5
2014-07-05,8248755523.5
2014-07-06,8240549910.75
2014-07-07,8240549910.75
2014-07-08,8105106240.000002
2014-07-09,8105106240.000002
2014-07-10,8059014834.5
2014-07-11,8059014834.5
2014-07-12,8222628582.0
2014-07-13,8222628582.0
2014-07-14,8107843949.999998
2014-07-15,8107843949.999998
2014-07-16,8069315506.0
2014-07-17,8069315506.0
2014-07-18,8209721212.0
2014-07-19,8209721212.0
2014-07-20,8135676167.5
2014-07-21,8135676167.5
2014-07-22,8104472551.5
2014-07-23,8104472551.5
2014-07-24,7849862761.499998
2014-07-25,7849862761.499998
2014-07-26,7785082818.0
2014-07-27,7785082818.0
2014-07-28,7672902534.0
2014-07-29,7672902534.0
2014-07-30,7501333455.0
2014-07-31,7501333455.0
2014-08-01,7878220817.000002
2014-08-02,7878220817.000002
2014-08-03,7723934074.25
2014-08-04,7723934074.25
2014-08-05,7602346577.5
2014-08-06,7602346577.5
2014-08-07,7699010020.0
2014-08-08,7699010020.0
2014-08-09,7721886298.5
2014-08-10,7721886298.5
2014-08-11,7600645788.75
2014-08-12,7600645788.75
2014-08-13,7226817835.5
2014-08-14,7226817835.5
2014-08-15,6548138844.0
2014-08-16,6548138844.0
2014-08-17,6469722234.0
2014-08-18,6469722234.0
2014-08-19,6416755312.5
2014-08-20,6416755312.5
2014-08-21,6924903790.5
2014-08-22,6924903790.5
2014-08-23,6640470759.0
2014-08-24,6640470759.0
2014-08-25,6643037913.75
2014-08-26,6643037913.75
2014-08-27,6792953412.0
2014-08-28,6792953412.0
2014-08-29,6759791170.25
2014-08-30,6759791170.25
2014-08-31,6315143457.0
2014-09-01,6315143457.0
2014-09-02,6393599083.75
2014-09-03,6393599083.75
2014-09-04,6428625750.0
2014-09-05,6428625750.0
2014-09-06,6367490749.5
2014-09-07,6367490749.5
2014-09-08,6311972619.75
2014-09-09,6311972619.75
2014-09-10,6426974895.25
2014-09-11,6426974895.25
2014-09-12,6237313762.5
2014-09-13,6237313762.5
2014-09-14,6308527913.25
2014-09-15,6308527913.25
2014-09-16,6212863800.0
2014-09-17,6212863800.0
2014-09-18,5688375693.0
2014-09-19,5688375693.0
2014-09-20,5524070247.0
2014-09-21,5524070247.0
2014-09-22,5333585347.5
2014-09-23,5333585347.5
2014-09-24,5748387369.75
2014-09-25,5748387369.75
2014-09-26,5395279765.5
2014-09-27,5395279765.5
2014-09-28,5063025000.0
2014-09-29,5063025000.0
2014-09-30,5101373770.0
2014-10-01,5101373770.0
2014-10-02,5013209451.25
2014-10-03,5013209451.25
2014-10-04,4484062800.0
2014-10-05,4484062800.0
2014-10-06,4422803400.0
2014-10-07,4422803400.0
2014-10-08,4626353890.5
2014-10-09,4626353890.5
2014-10-10,4798872496.5
2014-10-11,4798872496.5
2014-10-12,4879865751.75
2014-10-13,4879865751.75
2014-10-14,5512344464.5
2014-10-15,5512344464.5
2014-10-16,5061867359.5
2014-10-17,5061867359.5
2014-10-18,5220952124.0
2014-10-19,5220952124.0
2014-10-20,5160197007.5
2014-10-21,5160197007.5
2014-10-22,5165201887.5
2014-10-23,5165201887.5
2014-10-24,4810631776.5
2014-10-25,4810631776.5
2014-10-26,4772474124.75
2014-10-27,4772474124.75
2014-10-28,4768547912.0
2014-10-29,4768547912.0
2014-10-30,4530198325.0
2014-10-31,4530198325.0
2014-11-01,4403862030.75
2014-11-02,4403862030.75
2014-11-03,4385207114.0
2014-11-04,4385207114.0
2014-11-05,4605750325.0
2014-11-06,4605750325.0
2014-11-07,4611859378.5
2014-11-08,4611859378.5
2014-11-09,4804211514.0
2014-11-10,4804211514.0
2014-11-11,4924234458.0
2014-11-12,4924234458.0
2014-11-13,5487177696.0
2014-11-14,5487177696.0
2014-11-15,5038882560.0
2014-11-16,5038882560.0
2014-11-17,5113804134.0
2014-11-18,5113804134.0
2014-11-19,5066365722.0
2014-11-20,5066365722.0
2014-11-21,4827117112.5
2014-11-22,4827117112.5
2014-11-23,4912198474.0
2014-11-24,4912198474.0
2014-11-25,5159022365.25
2014-11-26,5159022365.25
2014-11-27,5047706145.5
2014-11-28,5047706145.5
2014-11-29,5112905893.5
2014-11-30,5112905893.5
2014-12-01,5176753038.0
2014-12-02,5176753038.0
2014-12-03,5132181106.25
2014-12-04,5132181106.25
2014-12-05,5077030936.5
2014-12-06,5077030936.5
2014-12-07,5103296365.5
2014-12-08,5103296365.5
2014-12-09,4760292226.75
2014-12-10,4760292226.75
2014-12-11,4841998530.0
2014-12-12,4841998530.0
2014-12-13,4765766121.75
2014-12-14,4765766121.75
2014-12-15,4793307332.5
2014-12-16,4793307332.5
2014-12-17,4333263510.0
2014-12-18,4333263510.0
2014-12-19,4327589638.75
2014-12-20,4327589638.75
2014-12-21,4456636200.75
2014-12-22,4456636200.75
2014-12-23,4595814288.0
2014-12-24,4595814288.0
2014-12-25,4357639535.5
2014-12-26,4357639535.5
2014-12-27,4293704692.5
2014-12-28,4293704692.5
2014-12-29,4296892594.5
2014-12-30,4296892594.5
2014-12-31,4339040505.0
2015-01-01,4339040505.0
2015-01-02,4324528908.75
2015-01-03,4324528908.75
2015-01-04,3708212136.75
2015-01-05,3708212136.75
2015-01-06,3790803680.0
2015-01-07,3790803680.0
2015-01-08,3792762040.0
2015-01-09,3792762040.0
2015-01-10,3811241000.0
2015-01-11,3811241000.0
2015-01-12,3703664250.0
2015-01-13,3703664250.0
2015-01-14,2422228637.5
2015-01-15,2422228637.5
2015-01-16,2819635181.25
2015-01-17,2819635181.25
2015-01-18,2901196119.5
2015-01-19,2901196119.5
2015-01-20,2927526251.0
2015-01-21,2927526251.0
2015-01-22,3216610342.5
2015-01-23,3216610342.5
2015-01-24,3365806048.0
2015-01-25,3365806048.0
2015-01-26,3736655601.750001
2015-01-27,3736655601.750001
2015-01-28,3432695925.0
2015-01-29,3432695925.0
2015-01-30,3170875530.75
2015-01-31,3170875530.75
2015-02-01,3043276324.0
2015-02-02,3043276324.0
2015-02-03,3262655450.0
2015-02-04,3262655450.0
2015-02-05,3000292899.0
2015-02-06,3000292899.0
2015-02-07,3109769195.0
2015-02-08,3109769195.0
2015-02-09,3045448195.5
2015-02-10,3045448195.5
2015-02-11,3069222640.5
2015-02-12,3069222640.5
2015-02-13,3319054029.0
2015-02-14,3319054029.0
2015-02-15,3376876497.75
2015-02-16,3376876497.75
2015-02-17,3378924200.0
2015-02-18,3378924200.0
2015-02-19,3347513318.25
2015-02-20,3347513318.25
2015-02-21,3405774966.5
2015-02-22,3405774966.5
2015-02-23,3288669462.75
2015-02-24,3288669462.75
2015-02-25,3311229561.75
2015-02-26,3311229561.75
2015-02-27,3527012250.0
2015-02-28,3527012250.0
2015-03-01,3439351080.0
2015-03-02,3439351080.0
2015-03-03,3833785480.0
2015-03-04,3833785480.0
2015-03-05,3694216021.25
2015-03-06,3694216021.25
2015-03-07,3838133075.5
2015-03-08,3838133075.5
2015-03-09,4002310934.000001
2015-03-10,4002310934.000001
2015-03-11,4085522367.750001
2015-03-12,4085522367.750001
2015-03-13,4034835730.25
2015-03-14,4034835730.25
2015-03-15,3954043366.0
2015-03-16,3954043366.0
2015-03-17,4004115563.0
2015-03-18,4004115563.0
2015-03-19,3637668805.0
2015-03-20,3637668805.0
2015-03-21,3600557275.5
2015-03-22,3600557275.5
2015-03-23,3717523388.25
2015-03-24,3717523388.25
2015-03-25,3434680104.0
2015-03-26,3434680104.0
2015-03-27,3477917244.75
2015-03-28,3477917244.75
2015-03-29,3415687192.5
2015-03-30,3415687192.5
2015-03-31,3401639125.0
2015-04-01,3401639125.0
2015-04-02,3536772754.0
2015-04-03,3536772754.0
2015-04-04,3557341515.75
2015-04-05,3557341515.75
2015-04-06,3572161132.5
2015-04-07,3572161132.5
2015-04-08,3450310038.25
2015-04-09,3450310038.25
2015-04-10,3309144475.5
2015-04-11,3309144475.5
2015-04-12,3325501365.0
2015-04-13,3325501365.0
2015-04-14,3035523600.0
2015-04-15,3035523600.0
2015-04-16,3228428497.5
2015-04-17,3228428497.5
2015-04-18,3127275396.0
2015-04-19,3127275396.0
2015-04-20,3161465083.0
2015-04-21,3161465083.0
2015-04-22,3342138811.0
2015-04-23,3342138811.0
2015-04-24,3253364933.0
2015-04-25,3253364933.0
2015-04-26,3078777333.5
2015-04-27,3078777333.5
2015-04-28,3140185113.0
2015-04-29,3140185113.0
2015-04-30,3317590248.0
2015-05-01,3317590248.0
2015-05-02,3305201503.5
2015-05-03,3305201503.5
2015-05-04,3335594229.0
2015-05-05,3335594229.0
2015-05-06,3331977963.75
2015-05-07,3331977963.75
2015-05-08,3460059372.0
2015-05-09,3460059372.0
2015-05-10,3385659603.75
2015-05-11,3385659603.75
2015-05-12,3418066879.0
2015-05-13,3418066879.0
2015-05-14,3374718444.0
2015-05-15,3374718444.0
2015-05-16,3352520598.25
2015-05-17,3352520598.25
2015-05-18,3351802886.25
2015-05-19,3351802886.25
2015-05-20,3327208635.0
2015-05-21,3327208635.0
2015-05-22,3412658925.0
2015-05-23,3412658925.0
2015-05-24,3413660332.5
2015-05-25,3413660332.5
2015-05-26,3351138399.0
2015-05-27,3351138399.0
2015-05-28,3360445832.0
2015-05-29,3360445832.0
2015-05-30,3285902376.0
2015-05-31,3285902376.0
2015-06-01,3163506560.0
2015-06-02,3163506560.0
2015-06-03,3220468764.0
2015-06-04,3220468764.0
2015-06-05,3191604605.0
2015-06-06,3191604605.0
2015-06-07,3171359940.0
2015-06-08,3171359940.0
2015-06-09,3279954697.5
2015-06-10,3279954697.5
2015-06-11,3266066700.0
2015-06-12,3266066700.0
2015-06-13,3285158823.0
2015-06-14,3285158823.0
2015-06-15,3375945331.5
2015-06-16,3375945331.5
2015-06-17,3570341154.0
2015-06-18,3570341154.0
2015-06-19,3522146336.25
2015-06-20,3522146336.25
2015-06-21,3466817874.75
2015-06-22,3466817874.75
2015-06-23,3489324384.0
2015-06-24,3489324384.0
2015-06-25,3462594912.0
2015-06-26,3462594912.0
2015-06-27,3558488937.5
2015-06-28,3558488937.5
2015-06-29,3636186255.0
2015-06-30,3636186255.0
2015-07-01,3696067023.750001
2015-07-02,3696067023.750001
2015-07-03,3658574047.5
2015-07-04,3658574047.5
2015-07-05,3887492037.0
2015-07-06,3887492037.0
2015-07-07,3837098590.5
2015-07-08,3837098590.5
2015-07-09,3888176093.0
2015-07-10,3888176093.0
2015-07-11,4218182000.0
2015-07-12,4218182000.0
2015-07-13,4168493842.5
2015-07-14,4168493842.5
2015-07-15,4185723080.0
2015-07-16,4185723080.0
2015-07-17,4001221266.0
2015-07-18,4001221266.0
2015-07-19,3975965187.75
2015-07-20,3975965187.75
2015-07-21,4019420682.750001
2015-07-22,4019420682.750001
2015-07-23,3987897004.0
2015-07-24,3987897004.0
2015-07-25,4141275320.0
2015-07-26,4141275320.0
2015-07-27,4196339601.750001
2015-07-28,4196339601.750001
2015-07-29,4197155670.0
2015-07-30,4197155670.0
2015-07-31,4113647100.0
2015-08-01,4113647100.0
2015-08-02,4056819587.25
2015-08-03,4056819587.25
2015-08-04,4121185500.0
2015-08-05,4121185500.0
2015-08-06,4008791845.000001
2015-08-07,4008791845.000001
2015-08-08,3906502563.25
2015-08-09,3906502563.25
2015-08-10,3824307952.25
2015-08-11,3824307952.25
2015-08-12,3881585457.75
2015-08-13,3881585457.75
2015-08-14,3870433884.5
2015-08-15,3870433884.5
2015-08-16,3734235455.250001
2015-08-17,3734235455.250001
2015-08-18,3684437228.0
2015-08-19,3684437228.0
2015-08-20,3386143924.25
2015-08-21,3386143924.25
2015-08-22,3283490946.0
2015-08-23,3283490946.0
2015-08-24,3099123540.0
2015-08-25,3099123540.0
2015-08-26,3327522393.0
2015-08-27,3327522393.0
2015-08-28,3406769556.75
2015-08-29,3406769556.75
2015-08-30,3296497320.0
2015-08-31,3296497320.0
2015-09-01,3325201108.0
2015-09-02,3325201108.0
2015-09-03,3313827788.0
2015-09-04,3313827788.0
2015-09-05,3421248063.25
2015-09-06,3421248063.25
2015-09-07,3519832118.5
2015-09-08,3519832118.5
2015-09-09,3503571468.0
2015-09-10,3503571468.0
2015-09-11,3503433867.0
2015-09-12,3503433867.0
2015-09-13,3357978768.0
2015-09-14,3357978768.0
2015-09-15,3361875500.0
2015-09-16,3361875500.0
2015-09-17,3422039400.0
2015-09-18,3422039400.0
2015-09-19,3375518010.0
2015-09-20,3375518010.0
2015-09-21,3316226688.0
2015-09-22,3316226688.0
2015-09-23,3367629247.5
2015-09-24,3367629247.5
2015-09-25,3454966027.75
2015-09-26,3454966027.75
2015-09-27,3413610106.25
2015-09-28,3413610106.25
2015-09-29,3486272414.0
2015-09-30,3486272414.0
2015-10-01,3507186837.0
2015-10-02,3507186837.0
2015-10-03,3511631462.75
2015-10-04,3511631462.75
2015-10-05,3514153761.0
2015-10-06,3514153761.0
2015-10-07,3604476037.5
2015-10-08,3604476037.5
2015-10-09,3599220642.0
2015-10-10,3599220642.0
2015-10-11,3649597910.0
2015-10-12,3649597910.0
2015-10-13,3673374595.5
2015-10-14,3673374595.5
2015-10-15,3751179453.0
2015-10-16,3751179453.0
2015-10-17,3964275577.5
2015-10-18,3964275577.5
2015-10-19,3893975956.000001
2015-10-20,3893975956.000001
2015-10-21,3968626252.500001
2015-10-22,3968626252.500001
2015-10-23,4093632236.5
2015-10-24,4093632236.5
2015-10-25,4355203129.0
2015-10-26,4355203129.0
2015-10-27,4353353674.5
2015-10-28,4353353674.5
2015-10-29,4586422490.0
2015-10-30,4586422490.0
2015-10-31,4597154298.0
2015-11-01,4597154298.0
2015-11-02,5039912342.5
2015-11-03,5039912342.5
2015-11-04,6468809828.75
2015-11-05,6468809828.75
2015-11-06,5751218425.5
2015-11-07,5751218425.5
2015-11-08,5652375858.0
2015-11-09,5652375858.0
2015-11-10,5241134019.0
2015-11-11,5241134019.0
2015-11-12,4918001050.0
2015-11-13,4918001050.0
2015-11-14,4925097290.0
2015-11-15,4925097290.0
2015-11-16,4889455205.0
2015-11-17,4889455205.0
2015-11-18,4968286239.0
2015-11-19,4968286239.0
2015-11-20,4765094517.5
2015-11-21,4765094517.5
2015-11-22,4793345255.25
2015-11-23,4793345255.25
2015-11-24,4777558597.5
2015-11-25,4777558597.5
2015-11-26,5180545500.0
2015-11-27,5180545500.0
2015-11-28,5270688720.0
2015-11-29,5270688720.0
2015-11-30,5551320987.75
2015-12-01,5551320987.75
2015-12-02,5382265947.0
2015-12-03,5382265947.0
2015-12-04,5383391312.0
2015-12-05,5383391312.0
2015-12-06,5821698036.0
2015-12-07,5821698036.0
2015-12-08,5898642413.5
2015-12-09,5898642413.5
2015-12-10,6210898129.0
2015-12-11,6210898129.0
2015-12-12,6370246741.5
2015-12-13,6370246741.5
2015-12-14,6666020040.0
2015-12-15,6666020040.0
2015-12-16,6802214980.25
2015-12-17,6802214980.25
2015-12-18,6873533517.5
2015-12-19,6873533517.5
2015-12-20,6518066555.0
2015-12-21,6518066555.0
2015-12-22,6536266657.5
2015-12-23,6536266657.5
2015-12-24,6809238651.25
2015-12-25,6809238651.25
2015-12-26,6273183470.25
2015-12-27,6273183470.25
2015-12-28,6366854662.5
2015-12-29,6366854662.5
2015-12-30,6430700000.0
2015-12-31,6430700000.0
2016-01-01,6498773751.75
2016-01-02,6498773751.75
2016-01-03,6438700586.25
2016-01-04,6438700586.25
2016-01-05,6499047642.5
2016-01-06,6499047642.5
2016-01-07,6830411223.25
2016-01-08,6830411223.25
2016-01-09,6780575688.75
2016-01-10,6780575688.75
2016-01-11,6738584831.75
2016-01-12,6738584831.75
2016-01-13,6477765250.5
2016-01-14,6477765250.5
2016-01-15,5907989110.5
2016-01-16,5907989110.5
2016-01-17,5817587213.75
2016-01-18,5817587213.75
2016-01-19,5718173059.5
2016-01-20,5718173059.5
2016-01-21,6164094600.0
2016-01-22,6164094600.0
2016-01-23,5872828237.5
2016-01-24,5872828237.5
2016-01-25,5854794313.5
2016-01-26,5854794313.5
2016-01-27,5969251295.0
2016-01-28,5969251295.0
2016-01-29,5712112523.0
2016-01-30,5712112523.0
2016-01-31,5709410157.0
2016-02-01,5709410157.0
2016-02-02,5661377906.0
2016-02-03,5661377906.0
2016-02-04,5840368670.5
2016-02-05,5840368670.5
2016-02-06,5661516168.0
2016-02-07,5661516168.0
2016-02-08,5706626345.0
2016-02-09,5706626345.0
2016-02-10,5758117900.5
2016-02-11,5758117900.5
2016-02-12,5799145650.0
2016-02-13,5799145650.0
2016-02-14,6120531763.5
2016-02-15,6120531763.5
2016-02-16,6189110092.5
2016-02-17,6189110092.5
2016-02-18,6379341962.5
2016-02-19,6379341962.5
2016-02-20,6694895489.0
2016-02-21,6694895489.0
2016-02-22,6682772887.5
2016-02-23,6682772887.5
2016-02-24,6450804727.5
2016-02-25,6450804727.5
2016-02-26,6472839926.0
2016-02-27,6472839926.0
2016-02-28,6615142323.0
2016-02-29,6615142323.0
2016-03-01,6593564428.25
2016-03-02,6593564428.25
2016-03-03,6437380104.0
2016-03-04,6437380104.0
2016-03-05,6128282500.0
2016-03-06,6128282500.0
2016-03-07,6298500809.0
2016-03-08,6298500809.0
2016-03-09,6319324957.5
2016-03-10,6319324957.5
2016-03-11,6446951118.5
2016-03-12,6446951118.5
2016-03-13,6315415323.0
2016-03-14,6315415323.0
2016-03-15,6354388122.0
2016-03-16,6354388122.0
2016-03-17,6416715066.0
2016-03-18,6416715066.0
2016-03-19,6219459016.5
2016-03-20,6219459016.5
2016-03-21,6297439974.75
2016-03-22,6297439974.75
2016-03-23,6412718195.0
2016-03-24,6412718195.0
2016-03-25,6394925517.0
2016-03-26,6394925517.0
2016-03-27,6557216490.0
2016-03-28,6557216490.0
2016-03-29,6363790650.0
2016-03-30,6363790650.0
2016-03-31,6411943060.5
2016-04-01,6411943060.5
2016-04-02,6432320502.5
2016-04-03,6432320502.5
2016-04-04,6449733039.75
2016-04-05,6449733039.75
2016-04-06,6485259726.25
2016-04-07,6485259726.25
2016-04-08,6505384260.0
2016-04-09,6505384260.0
2016-04-10,6500143221.0
2016-04-11,6500143221.0
2016-04-12,6569044479.75
2016-04-13,6569044479.75
2016-04-14,6539602042.0
2016-04-15,6539602042.0
2016-04-16,6630195220.75
2016-04-17,6630195220.75
2016-04-18,6600076658.0
2016-04-19,6600076658.0
2016-04-20,6836596928.5
2016-04-21,6836596928.5
2016-04-22,6915770843.75
2016-04-23,6915770843.75
2016-04-24,7106814635.0
2016-04-25,7106814635.0
2016-04-26,7242797765.5
2016-04-27,7242797765.5
2016-04-28,6967496250.0
2016-04-29,6967496250.0
2016-04-30,6927076932.25
2016-05-01,6927076932.25
2016-05-02,6879884027.5
2016-05-03,6879884027.5
2016-05-04,6937221194.75
2016-05-05,6937221194.75
2016-05-06,7150834286.0
2016-05-07,7150834286.0
2016-05-08,7106510950.0
2016-05-09,7106510950.0
2016-05-10,6988848750.0
2016-05-11,6988848750.0
2016-05-12,7064935352.5
2016-05-13,7064935352.5
2016-05-14,7083067858.75
2016-05-15,7083067858.75
2016-05-16,7074282388.0
2016-05-17,7074282388.0
2016-05-18,7046818292.5
2016-05-19,7046818292.5
2016-05-20,6868519562.5
2016-05-21,6868519562.5
2016-05-22,6821488650.0
2016-05-23,6821488650.0
2016-05-24,6939443749.0
2016-05-25,6939443749.0
2016-05-26,7053945795.75
2016-05-27,7053945795.75
2016-05-28,8147805219.249998
2016-05-29,8147805219.249998
2016-05-30,8194046737.5
2016-05-31,8194046737.5
2016-06-01,8421126700.0
2016-06-02,8421126700.0
2016-06-03,8870456000.0
2016-06-04,8870456000.0
2016-06-05,8968617634.5
2016-06-06,8968617634.5
2016-06-07,9028090841.5
2016-06-08,9028090841.5
2016-06-09,9023950503.0
2016-06-10,9023950503.0
2016-06-11,9376115184.0
2016-06-12,9376115184.0
2016-06-13,11010699782.5
2016-06-14,11010699782.5
2016-06-15,10889771217.5
2016-06-16,10889771217.5
2016-06-17,11680772866.25
2016-06-18,11680772866.25
2016-06-19,12010449024.0
2016-06-20,12010449024.0
2016-06-21,10539955718.75
2016-06-22,10539955718.75
2016-06-23,9820115706.5
2016-06-24,9820115706.5
2016-06-25,10441035606.25
2016-06-26,10441035606.25
2016-06-27,10188941395.5
2016-06-28,10188941395.5
2016-06-29,10063752006.0
2016-06-30,10063752006.0
2016-07-01,10608368893.75
2016-07-02,10608368893.75
2016-07-03,10380054345.0
2016-07-04,10380054345.0
2016-07-05,10505010226.0
2016-07-06,10505010226.0
2016-07-07,10012128070.5
2016-07-08,10012128070.5
2016-07-09,10262295285.625
2016-07-10,10262295285.625
2016-07-11,10240153706.75
2016-07-12,10240153706.75
2016-07-13,10366219391.25
2016-07-14,10366219391.25
2016-07-15,10514437454.25
2016-07-16,10514437454.25
2016-07-17,10721461200.0
2016-07-18,10721461200.0
2016-07-19,10660891360.5
2016-07-20,10660891360.5
2016-07-21,10488529407.375
2016-07-22,10488529407.375
2016-07-23,10320160372.5
2016-07-24,10320160372.5
2016-07-25,10327136946.75
2016-07-26,10327136946.75
2016-07-27,10351333852.625
2016-07-28,10351333852.625
2016-07-29,10402588176.75
2016-07-30,10402588176.75
2016-07-31,9858709806.75
2016-08-01,9858709806.75
2016-08-02,9538466775.75
2016-08-03,9538466775.75
2016-08-04,9098417671.75
2016-08-05,9098417671.75
2016-08-06,9309397508.0
2016-08-07,9309397508.0
2016-08-08,9547377630.0
2016-08-09,9547377630.0
2016-08-10,9306805453.125
2016-08-11,9306805453.125
2016-08-12,9241807137.5
2016-08-13,9241807137.5
2016-08-14,8995884840.0
2016-08-15,8995884840.0
2016-08-16,9111780000.0
2016-08-17,9111780000.0
2016-08-18,9055705733.25
2016-08-19,9055705733.25
2016-08-20,9205418289.375
2016-08-21,9205418289.375
2016-08-22,9309383328.0
2016-08-23,9309383328.0
2016-08-24,9186966577.5
2016-08-25,9186966577.5
2016-08-26,9154182799.125
2016-08-27,9154182799.125
2016-08-28,9098184553.25
2016-08-29,9098184553.25
2016-08-30,9173160323.25
2016-08-31,9173160323.25
2016-09-01,9065313400.0
2016-09-02,9065313400.0
2016-09-03,9658268480.0
2016-09-04,9658268480.0
2016-09-05,9709692792.25
2016-09-06,9709692792.25
2016-09-07,9819424903.75
2016-09-08,9819424903.75
2016-09-09,9943784235.0
2016-09-10,9943784235.0
2016-09-11,9682890146.875
2016-09-12,9682890146.875
2016-09-13,9743639430.0
2016-09-14,9743639430.0
2016-09-15,9723634531.875
2016-09-16,9723634531.875
2016-09-17,9658620486.125
2016-09-18,9658620486.125
2016-09-19,9679951822.5
2016-09-20,9679951822.5
2016-09-21,9500151312.75
2016-09-22,9500151312.75
2016-09-23,9592952323.5
2016-09-24,9592952323.5
2016-09-25,9541084296.25
2016-09-26,9541084296.25
2016-09-27,9602149537.5
2016-09-28,9602149537.5
2016-09-29,9631379511.0
2016-09-30,9631379511.0
2016-10-01,9767249440.0
2016-10-02,9767249440.0
2016-10-03,9750081669.0
2016-10-04,9750081669.0
2016-10-05,9762755868.75
2016-10-06,9762755868.75
2016-10-07,9867115218.875
2016-10-08,9867115218.875
2016-10-09,9802318240.0
2016-10-10,9802318240.0
2016-10-11,10207866900.75
2016-10-12,10207866900.75
2016-10-13,10152546965.625
2016-10-14,10152546965.625
2016-10-15,10189651485.0
2016-10-16,10189651485.0
2016-10-17,10182607559.25
2016-10-18,10182607559.25
2016-10-19,10065628111.25
2016-10-20,10065628111.25
2016-10-21,10128718512.0
2016-10-22,10128718512.0
2016-10-23,10504485907.75
2016-10-24,10504485907.75
2016-10-25,10491018708.625
2016-10-26,10491018708.625
2016-10-27,10933937742.5
2016-10-28,10933937742.5
2016-10-29,11433877548.0
2016-10-30,11433877548.0
2016-10-31,11251559127.375
2016-11-01,11251559127.375
2016-11-02,11811455982.0
2016-11-03,11811455982.0
2016-11-04,11304928421.875
2016-11-05,11304928421.875
2016-11-06,11416026125.0
2016-11-07,11416026125.0
2016-11-08,11371555020.0
2016-11-09,11371555020.0
2016-11-10,11422773691.875
2016-11-11,11422773691.875
2016-11-12,11243845495.5
2016-11-13,11243845495.5
2016-11-14,11300322593.75
2016-11-15,11300322593.75
2016-11-16,11832832521.125
2016-11-17,11832832521.125
2016-11-18,11978185824.0
2016-11-19,11978185824.0
2016-11-20,11678347786.5
2016-11-21,11678347786.5
2016-11-22,11968547386.5
2016-11-23,11968547386.5
2016-11-24,11801298448.5
2016-11-25,11801298448.5
2016-11-26,11718620057.375
2016-11-27,11718620057.375
2016-11-28,11713912056.0
2016-11-29,11713912056.0
2016-11-30,11847589975.0
2016-12-01,11847589975.0
2016-12-02,12394634059.0
2016-12-03,12394634059.0
2016-12-04,12265688032.0
2016-12-05,12265688032.0
2016-12-06,12112303227.375
2016-12-07,12112303227.375
2016-12-08,12312787200.0
2016-12-09,12312787200.0
2016-12-10,12395528462.5
2016-12-11,12395528462.5
2016-12-12,12460596315.0
2016-12-13,12460596315.0
2016-12-14,12425971506.25
2016-12-15,12425971506.25
2016-12-16,12573714999.375
2016-12-17,12573714999.375
2016-12-18,12685169466.0
2016-12-19,12685169466.0
2016-12-20,12756094676.0
2016-12-21,12756094676.0
2016-12-22,13815565559.25
2016-12-23,13815565559.25
2016-12-24,14365259143.75
2016-12-25,14365259143.75
2016-12-26,14514728615.25
2016-12-27,14514728615.25
2016-12-28,15706536997.5
2016-12-29,15706536997.5
2016-12-30,15333684493.5
2016-12-31,15333684493.5
2017-01-01,16144874870.0
2017-01-02,16144874870.0
2017-01-03,16604032593.75
2017-01-04,16604032593.75
2017-01-05,16020709800.0
2017-01-06,16020709800.0
2017-01-07,14507903240.25
2017-01-08,14507903240.25
2017-01-09,14483317500.0
2017-01-10,14483317500.0
2017-01-11,12637835230.875
2017-01-12,12637835230.875
2017-01-13,13333156411.5
2017-01-14,13333156411.5
2017-01-15,13217812515.0
2017-01-16,13217812515.0
2017-01-17,14562228011.625
2017-01-18,14562228011.625
2017-01-19,14500148590.125
2017-01-20,14500148590.125
2017-01-21,14894193301.25
2017-01-22,14894193301.25
2017-01-23,14863942325.0
2017-01-24,14863942325.0
2017-01-25,14391685218.75
2017-01-26,14391685218.75
2017-01-27,14801282964.0
2017-01-28,14801282964.0
2017-01-29,14735246803.125
2017-01-30,14735246803.125
2017-01-31,15554584256.0
2017-02-01,15554584256.0
2017-02-02,16260607102.5
2017-02-03,16260607102.5
2017-02-04,16666302847.5
2017-02-05,16666302847.5
2017-02-06,16511713437.5
2017-02-07,16511713437.5
2017-02-08,16925772491.250004
2017-02-09,16925772491.250004
2017-02-10,16112416198.75
2017-02-11,16112416198.75
2017-02-12,16104421019.75
2017-02-13,16104421019.75
2017-02-14,16370570040.0
2017-02-15,16370570040.0
2017-02-16,16762256640.0
2017-02-17,16762256640.0
2017-02-18,17138105285.0
2017-02-19,17138105285.0
2017-02-20,17714421920.0
2017-02-21,17714421920.0
2017-02-22,18237515765.0
2017-02-23,18237515765.0
2017-02-24,19102806731.25
2017-02-25,19102806731.25
2017-02-26,19133795677.5
2017-02-27,19133795677.5
2017-02-28,19241800143.75
2017-03-01,19241800143.75
2017-03-02,20387931250.0
2017-03-03,20387931250.0
2017-03-04,20515484347.5
2017-03-05,20515484347.5
2017-03-06,20707990380.0
2017-03-07,20707990380.0
2017-03-08,18785978288.75
2017-03-09,18785978288.75
2017-03-10,17733596763.75
2017-03-11,17733596763.75
2017-03-12,19853444812.5
2017-03-13,19853444812.5
2017-03-14,20209938485.0
2017-03-15,20209938485.0
2017-03-16,19100245120.0
2017-03-17,19100245120.0
2017-03-18,15295539370.0
2017-03-19,15295539370.0
2017-03-20,16908833575.0
2017-03-21,16908833575.0
2017-03-22,16558917210.0
2017-03-23,16558917210.0
2017-03-24,15205794660.0
2017-03-25,15205794660.0
2017-03-26,15443296850.875
2017-03-27,15443296850.875
2017-03-28,16971709882.500004
2017-03-29,16971709882.500004
2017-03-30,16896048000.0
2017-03-31,16896048000.0
2017-04-01,17720120643.75
2017-04-02,17720120643.75
2017-04-03,18556863561.25
2017-04-04,18556863561.25
2017-04-05,18469918530.0
2017-04-06,18469918530.0
2017-04-07,19415828025.0
2017-04-08,19415828025.0
2017-04-09,19815481983.75
2017-04-10,19815481983.75
2017-04-11,20153773955.0
2017-04-12,20153773955.0
2017-04-13,19349213565.0
2017-04-14,19349213565.0
2017-04-15,19498363475.0
2017-04-16,19498363475.0
2017-04-17,20183091637.5
2017-04-18,20183091637.5
2017-04-19,20638607437.5
2017-04-20,20638607437.5
2017-04-21,21588070556.25
2017-04-22,21588070556.25
2017-04-23,22086609057.5
2017-04-24,22086609057.5
2017-04-25,20846606998.605476
2017-04-26,20846606998.605476
2017-04-27,21926056741.283905
2017-04-28,21926056741.283905
2017-04-29,21762127405.33031
2017-04-30,21762127405.33031
2017-05-01,23107339286.35547
2017-05-02,23107339286.35547
2017-05-03,24586863671.325005
2017-05-04,24586863671.325005
2017-05-05,25012643352.80893
2017-05-06,25012643352.80893
2017-05-07,25060400380.24821
2017-05-08,25060400380.24821
2017-05-09,28093005954.43714
2017-05-10,28093005954.43714
2017-05-11,29726737675.14922
2017-05-12,29726737675.14922
2017-05-13,28932596583.104843
2017-05-14,28932596583.104843
2017-05-15,28143078402.152344
2017-05-16,28143078402.152344
2017-05-17,29527347103.759377
2017-05-18,29527347103.759377
2017-05-19,32051195727.737804
2017-05-20,32051195727.737804
2017-05-21,33448303438.292187
2017-05-22,33448303438.292187
2017-05-23,37399030237.9925
2017-05-24,37399030237.9925
2017-05-25,39035030222.50714
2017-05-26,39035030222.50714
2017-05-27,32941397092.733437
2017-05-28,32941397092.733437
2017-05-29,37233600371.057495
2017-05-30,37233600371.057495
2017-05-31,37407051147.545364
2017-06-01,37407051147.545364
2017-06-02,40038367306.688034
2017-06-03,40038367306.688034
2017-06-04,41195730259.78571
2017-06-05,41195730259.78571
2017-06-06,47218046131.66005
2017-06-07,47218046131.66005
2017-06-08,45750548628.39453
2017-06-09,45750548628.39453
2017-06-10,46618837861.553566
2017-06-11,46618837861.553566
2017-06-12,43553314505.484375
2017-06-13,43553314505.484375
2017-06-14,40110100599.347664
2017-06-15,40110100599.347664
2017-06-16,40413077779.20965
2017-06-17,40413077779.20965
2017-06-18,41117798759.675896
2017-06-19,41117798759.675896
2017-06-20,45187876438.290634
2017-06-21,45187876438.290634
2017-06-22,44743205311.071884
2017-06-23,44743205311.071884
2017-06-24,42487095408.79781
2017-06-25,42487095408.79781
2017-06-26,39989166644.50357
2017-06-27,39989166644.50357
2017-06-28,42442320273.548935
2017-06-29,42442320273.548935
2017-06-30,40682623613.3625
2017-07-01,40682623613.3625
2017-07-02,41080316972.48857
2017-07-03,41080316972.48857
2017-07-04,42709239179.270164
2017-07-05,42709239179.270164
2017-07-06,42886924818.80624
2017-07-07,42886924818.80624
2017-07-08,42110891329.15047
2017-07-09,42110891329.15047
2017-07-10,38900014611.33214
2017-07-11,38900014611.33214
2017-07-12,39232323095.428566
2017-07-13,39232323095.428566
2017-07-14,36037038604.84167
2017-07-15,36037038604.84167
2017-07-16,31771903140.3825
2017-07-17,31771903140.3825
2017-07-18,38179206707.79688
2017-07-19,38179206707.79688
2017-07-20,47702949608.25625
2017-07-21,47702949608.25625
2017-07-22,46223084883.071434
2017-07-23,46223084883.071434
2017-07-24,45316644720.88572
2017-07-25,45316644720.88572
2017-07-26,41097019288.87946
2017-07-27,41097019288.87946
2017-07-28,45828471053.678116
2017-07-29,45828471053.678116
2017-07-30,45251045529.0052
2017-07-31,45251045529.0052
2017-08-01,44675298135.74333
2017-08-02,44675298135.74333
2017-08-03,46065116956.41061
2017-08-04,46065116956.41061
2017-08-05,53069653154.78604
2017-08-06,53069653154.78604
2017-08-07,56200758544.42917
2017-08-08,56200758544.42917
2017-08-09,55390344636.577515
2017-08-10,55390344636.577515
2017-08-11,59942989324.66665
2017-08-12,59942989324.66665
2017-08-13,68093665581.25725
2017-08-14,68093665581.25725
2017-08-15,69618446260.69875
2017-08-16,69618446260.69875
2017-08-17,71479165577.8875
2017-08-18,71479165577.8875
2017-08-19,69743600462.25
2017-08-20,69743600462.25
2017-08-21,66800518311.625
2017-08-22,66800518311.625
2017-08-23,68981289804.375
2017-08-24,68981289804.375
2017-08-25,72100292858.95938
2017-08-26,72100292858.95938
2017-08-27,71969913143.22917
2017-08-28,71969913143.22917
2017-08-29,76178812260.67313
2017-08-30,76178812260.67313
2017-08-31,78517382092.75
2017-09-01,78517382092.75
2017-09-02,75760868525.75699
2017-09-03,75760868525.75699
2017-09-04,71870445889.03104
2017-09-05,71870445889.03104
2017-09-06,76816932326.06458
2017-09-07,76816932326.06458
2017-09-08,71356979356.6398
2017-09-09,71356979356.6398
2017-09-10,71691497930.5
2017-09-11,71691497930.5
2017-09-12,69874102306.50209
2017-09-13,69874102306.50209
2017-09-14,54993571515.249985
2017-09-15,54993571515.249985
2017-09-16,62365306431.7965
2017-09-17,62365306431.7965
2017-09-18,67843960761.250015
2017-09-19,67843960761.250015
2017-09-20,65938973200.0625
2017-09-21,65938973200.0625
2017-09-22,60315885095.77125
2017-09-23,60315885095.77125
2017-09-24,61417012140.61562
2017-09-25,61417012140.61562
2017-09-26,64867502636.00916
2017-09-27,64867502636.00916
2017-09-28,69723184107.745
2017-09-29,69723184107.745
2017-09-30,71952969917.53354
2017-10-01,71952969917.53354
2017-10-02,72823312134.89062
2017-10-03,72823312134.89062
2017-10-04,70155650735.0
2017-10-05,70155650735.0
2017-10-06,72170693759.16667
2017-10-07,72170693759.16667
2017-10-08,76453090033.93332
2017-10-09,76453090033.93332
2017-10-10,79462424258.5
2017-10-11,79462424258.5
2017-10-12,88501874725.39436
2017-10-13,88501874725.39436
2017-10-14,95407407494.04167
2017-10-15,95407407494.04167
2017-10-16,94964431959.39334
2017-10-17,94964431959.39334
2017-10-18,92242198387.96753
2017-10-19,92242198387.96753
2017-10-20,99475116073.968
2017-10-21,99475116073.968
2017-10-22,99562135446.97876
2017-10-23,99562135446.97876
2017-10-24,91642025553.67166
2017-10-25,91642025553.67166
2017-10-26,98115524477.1552
2017-10-27,98115524477.1552
2017-10-28,96190524845.50124
2017-10-29,96190524845.50124
2017-10-30,101694785279.22723
2017-10-31,101694785279.22723
2017-11-01,111032844955.63876
2017-11-02,111032844955.63876
2017-11-03,119930391012.7365
2017-11-04,119930391012.7365
2017-11-05,122942798361.19293
2017-11-06,122942798361.19293
2017-11-07,118220619187.42247
2017-11-08,118220619187.42247
2017-11-09,119345862425.91675
2017-11-10,119345862425.91675
2017-11-11,106103642870.71208
2017-11-12,106103642870.71208
2017-11-13,109246250479.9725
2017-11-14,109246250479.9725
2017-11-15,121800537300.086
2017-11-16,121800537300.086
2017-11-17,129929811148.99915
2017-11-18,129929811148.99915
2017-11-19,133643141971.57835
2017-11-20,133643141971.57835
2017-11-21,134548487745.0
2017-11-22,134548487745.0
2017-11-23,136067805658.125
2017-11-24,136067805658.125
2017-11-25,145425891723.50668
2017-11-26,145425891723.50668
2017-11-27,162348370564.33438
2017-11-28,162348370564.33438
2017-11-29,165079130752.25
2017-11-30,165079130752.25
2017-12-01,181912888874.6
2017-12-02,181912888874.6
2017-12-03,189460332831.525
2017-12-04,189460332831.525
2017-12-05,198638586220.8333
2017-12-06,198638586220.8333
2017-12-07,276026211047.2292
2017-12-08,276026211047.2292
2017-12-09,253354758199.1755
2017-12-10,253354758199.1755
2017-12-11,280517165313.5416
2017-12-12,280517165313.5416
2017-12-13,281363023502.9166
2017-12-14,281363023502.9166
2017-12-15,297570694261.24994
2017-12-16,297570694261.24994
2017-12-17,323071829482.4375
2017-12-18,323071829482.4375
2017-12-19,297138524342.9792
2017-12-20,297138524342.9792
2017-12-21,268887463900.875
2017-12-22,268887463900.875
2017-12-23,257428577373.0625
2017-12-24,257428577373.0625
2017-12-25,236676918975.95834
2017-12-26,236676918975.95834
2017-12-27,261381479588.5
2017-12-28,261381479588.5
2017-12-29,245524297887.5
2017-12-30,245524297887.5
2017-12-31,237620437837.5
2018-01-01,237620437837.5
2018-01-02,251777079094.125
2018-01-03,251777079094.125
2018-01-04,255085455190.75006
2018-01-05,255085455190.75006
2018-01-06,290729366696.925
2018-01-07,290729366696.925
2018-01-08,256324304948.8333
2018-01-09,256324304948.8333
2018-01-10,254044267488.7292
2018-01-11,254044267488.7292
2018-01-12,233728069870.8
2018-01-13,233728069870.8
2018-01-14,232773385344.0
2018-01-15,232773385344.0
2018-01-16,187919737800.72916
2018-01-17,187919737800.72916
2018-01-18,190731457101.4583
2018-01-19,190731457101.4583
2018-01-20,217775360376.0
2018-01-21,217775360376.0
2018-01-22,177360323481.49994
2018-01-23,177360323481.49994
2018-01-24,189817650188.02084
2018-01-25,189817650188.02084
2018-01-26,184603886255.25
2018-01-27,184603886255.25
2018-01-28,198043813361.625
2018-01-29,198043813361.625
2018-01-30,171461153633.875
2018-01-31,171461153633.875
2018-02-01,152959231815.10416
2018-02-02,152959231815.10416
2018-02-03,152885414135.5625
2018-02-04,152885414135.5625
2018-02-05,115222434845.0
2018-02-06,115222434845.0
2018-02-07,136502016575.52084
2018-02-08,136502016575.52084
2018-02-09,143870507868.95834
2018-02-10,143870507868.95834
2018-02-11,140663872242.8125
2018-02-12,140663872242.8125
2018-02-13,144986840154.84375
2018-02-14,144986840154.84375
2018-02-15,168286527234.375
2018-02-16,168286527234.375
2018-02-17,182915376933.2292
2018-02-18,182915376933.2292
2018-02-19,187498228810.31247
