date,tx_volume
2009-01-03,0.0
2009-01-04,0.0
2009-01-05,0.0
2009-01-06,0.0
2009-01-07,0.0
2009-01-08,0.0
2009-01-09,0.0
2009-01-10,0.0
2009-01-11,0.0
2009-01-12,0.0
2009-01-13,0.0
2009-01-14,0.0
2009-01-15,0.0
2009-01-16,0.0
2009-01-17,0.0
2009-01-18,0.0
2009-01-19,0.0
2009-01-20,0.0
2009-01-21,0.0
2009-01-22,0.0
2009-01-23,0.0
2009-01-24,0.0
2009-01-25,0.0
2009-01-26,0.0
2009-01-27,0.0
2009-01-28,0.0
2009-01-29,0.0
2009-01-30,0.0
2009-01-31,0.0
2009-02-01,0.0
2009-02-02,0.0
2009-02-03,0.0
2009-02-04,0.0
2009-02-05,0.0
2009-02-06,0.0
2009-02-07,0.0
2009-02-08,0.0
2009-02-09,0.0
2009-02-10,0.0
2009-02-11,0.0
2009-02-12,0.0
2009-02-13,0.0
2009-02-14,0.0
2009-02-15,0.0
2009-02-16,0.0
2009-02-17,0.0
2009-02-18,0.0
2009-02-19,0.0
2009-02-20,0.0
2009-02-21,0.0
2009-02-22,0.0
2009-02-23,0.0
2009-02-24,0.0
2009-02-25,0.0
2009-02-26,0.0
2009-02-27,0.0
2009-02-28,0.0
2009-03-01,0.0
2009-03-02,0.0
2009-03-03,0.0
2009-03-04,0.0
2009-03-05,0.0
2009-03-06,0.0
2009-03-07,0.0
2009-03-08,0.0
2009-03-09,0.0
2009-03-10,0.0
2009-03-11,0.0
2009-03-12,0.0
2009-03-13,0.0
2009-03-14,0.0
2009-03-15,0.0
2009-03-16,0.0
2009-03-17,0.0
2009-03-18,0.0
2009-03-19,0.0
2009-03-20,0.0
2009-03-21,0.0
2009-03-22,0.0
2009-03-23,0.0
2009-03-24,0.0
2009-03-25,0.0
2009-03-26,0.0
2009-03-27,0.0
2009-03-28,0.0
2009-03-29,0.0
2009-03-30,0.0
2009-03-31,0.0
2009-04-01,0.0
2009-04-02,0.0
2009-04-03,0.0
2009-04-04,0.0
2009-04-05,0.0
2009-04-06,0.0
2009-04-07,0.0
2009-04-08,0.0
2009-04-09,0.0
2009-04-10,0.0
2009-04-11,0.0
2009-04-12,0.0
2009-04-13,0.0
2009-04-14,0.0
2009-04-15,0.0
2009-04-16,0.0
2009-04-17,0.0
2009-04-18,0.0
2009-04-19,0.0
2009-04-20,0.0
2009-04-21,0.0
2009-04-22,0.0
2009-04-23,0.0
2009-04-24,0.0
2009-04-25,0.0
2009-04-26,0.0
2009-04-27,0.0
2009-04-28,0.0
2009-04-29,0.0
2009-04-30,0.0
2009-05-01,0.0
2009-05-02,0.0
2009-05-03,0.0
2009-05-04,0.0
2009-05-05,0.0
2009-05-06,0.0
2009-05-07,0.0
2009-05-08,0.0
2009-05-09,0.0
2009-05-10,0.0
2009-05-11,0.0
2009-05-12,0.0
2009-05-13,0.0
2009-05-14,0.0
2009-05-15,0.0
2009-05-16,0.0
2009-05-17,0.0
2009-05-18,0.0
2009-05-19,0.0
2009-05-20,0.0
2009-05-21,0.0
2009-05-22,0.0
2009-05-23,0.0
2009-05-24,0.0
2009-05-25,0.0
2009-05-26,0.0
2009-05-27,0.0
2009-05-28,0.0
2009-05-29,0.0
2009-05-30,0.0
2009-05-31,0.0
2009-06-01,0.0
2009-06-02,0.0
2009-06-03,0.0
2009-06-04,0.0
2009-06-05,0.0
2009-06-06,0.0
2009-06-07,0.0
2009-06-08,0.0
2009-06-09,0.0
2009-06-10,0.0
2009-06-11,0.0
2009-06-12,0.0
2009-06-13,0.0
2009-06-14,0.0
2009-06-15,0.0
2009-06-16,0.0
2009-06-17,0.0
2009-06-18,0.0
2009-06-19,0.0
2009-06-20,0.0
2009-06-21,0.0
2009-06-22,0.0
2009-06-23,0.0
2009-06-24,0.0
2009-06-25,0.0
2009-06-26,0.0
2009-06-27,0.0
2009-06-28,0.0
2009-06-29,0.0
2009-06-30,0.0
2009-07-01,0.0
2009-07-02,0.0
2009-07-03,0.0
2009-07-04,0.0
2009-07-05,0.0
2009-07-06,0.0
2009-07-07,0.0
2009-07-08,0.0
2009-07-09,0.0
2009-07-10,0.0
2009-07-11,0.0
2009-07-12,0.0
2009-07-13,0.0
2009-07-14,0.0
2009-07-15,0.0
2009-07-16,0.0
2009-07-17,0.0
2009-07-18,0.0
2009-07-19,0.0
2009-07-20,0.0
2009-07-21,0.0
2009-07-22,0.0
2009-07-23,0.0
2009-07-24,0.0
2009-07-25,0.0
2009-07-26,0.0
2009-07-27,0.0
2009-07-28,0.0
2009-07-29,0.0
2009-07-30,0.0
2009-07-31,0.0
2009-08-01,0.0
2009-08-02,0.0
2009-08-03,0.0
2009-08-04,0.0
2009-08-05,0.0
2009-08-06,0.0
2009-08-07,0.0
2009-08-08,0.0
2009-08-09,0.0
2009-08-10,0.0
2009-08-11,0.0
2009-08-12,0.0
2009-08-13,0.0
2009-08-14,0.0
2009-08-15,0.0
2009-08-16,0.0
2009-08-17,0.0
2009-08-18,0.0
2009-08-19,0.0
2009-08-20,0.0
2009-08-21,0.0
2009-08-22,0.0
2009-08-23,0.0
2009-08-24,0.0
2009-08-25,0.0
2009-08-26,0.0
2009-08-27,0.0
2009-08-28,0.0
2009-08-29,0.0
2009-08-30,0.0
2009-08-31,0.0
2009-09-01,0.0
2009-09-02,0.0
2009-09-03,0.0
2009-09-04,0.0
2009-09-05,0.0
2009-09-06,0.0
2009-09-07,0.0
2009-09-08,0.0
2009-09-09,0.0
2009-09-10,0.0
2009-09-11,0.0
2009-09-12,0.0
2009-09-13,0.0
2009-09-14,0.0
2009-09-15,0.0
2009-09-16,0.0
2009-09-17,0.0
2009-09-18,0.0
2009-09-19,0.0
2009-09-20,0.0
2009-09-21,0.0
2009-09-22,0.0
2009-09-23,0.0
2009-09-24,0.0
2009-09-25,0.0
2009-09-26,0.0
2009-09-27,0.0
2009-09-28,0.0
2009-09-29,0.0
2009-09-30,0.0
2009-10-01,0.0
2009-10-02,0.0
2009-10-03,0.0
2009-10-04,0.0
2009-10-05,0.0
2009-10-06,0.0
2009-10-07,0.0
2009-10-08,0.0
2009-10-09,0.0
2009-10-10,0.0
2009-10-11,0.0
2009-10-12,0.0
2009-10-13,0.0
2009-10-14,0.0
2009-10-15,0.0
2009-10-16,0.0
2009-10-17,0.0
2009-10-18,0.0
2009-10-19,0.0
2009-10-20,0.0
2009-10-21,0.0
2009-10-22,0.0
2009-10-23,0.0
2009-10-24,0.0
2009-10-25,0.0
2009-10-26,0.0
2009-10-27,0.0
2009-10-28,0.0
2009-10-29,0.0
2009-10-30,0.0
2009-10-31,0.0
2009-11-01,0.0
2009-11-02,0.0
2009-11-03,0.0
2009-11-04,0.0
2009-11-05,0.0
2009-11-06,0.0
2009-11-07,0.0
2009-11-08,0.0
2009-11-09,0.0
2009-11-10,0.0
2009-11-11,0.0
2009-11-12,0.0
2009-11-13,0.0
2009-11-14,0.0
2009-11-15,0.0
2009-11-16,0.0
2009-11-17,0.0
2009-11-18,0.0
2009-11-19,0.0
2009-11-20,0.0
2009-11-21,0.0
2009-11-22,0.0
2009-11-23,0.0
2009-11-24,0.0
2009-11-25,0.0
2009-11-26,0.0
2009-11-27,0.0
2009-11-28,0.0
2009-11-29,0.0
2009-11-30,0.0
2009-12-01,0.0
2009-12-02,0.0
2009-12-03,0.0
2009-12-04,0.0
2009-12-05,0.0
2009-12-06,0.0
2009-12-07,0.0
2009-12-08,0.0
2009-12-09,0.0
2009-12-10,0.0
2009-12-11,0.0
2009-12-12,0.0
2009-12-13,0.0
2009-12-14,0.0
2009-12-15,0.0
2009-12-16,0.0
2009-12-17,0.0
2009-12-18,0.0
2009-12-19,0.0
2009-12-20,0.0
2009-12-21,0.0
2009-12-22,0.0
2009-12-23,0.0
2009-12-24,0.0
2009-12-25,0.0
2009-12-26,0.0
2009-12-27,0.0
2009-12-28,0.0
2009-12-29,0.0
2009-12-30,0.0
2009-12-31,0.0
2010-01-01,0.0
2010-01-02,0.0
2010-01-03,0.0
2010-01-04,0.0
2010-01-05,0.0
2010-01-06,0.0
2010-01-07,0.0
2010-01-08,0.0
2010-01-09,0.0
2010-01-10,0.0
2010-01-11,0.0
2010-01-12,0.0
2010-01-13,0.0
2010-01-14,0.0
2010-01-15,0.0
2010-01-16,0.0
2010-01-17,0.0
2010-01-18,0.0
2010-01-19,0.0
2010-01-20,0.0
2010-01-21,0.0
2010-01-22,0.0
2010-01-23,0.0
2010-01-24,0.0
2010-01-25,0.0
2010-01-26,0.0
2010-01-27,0.0
2010-01-28,0.0
2010-01-29,0.0
2010-01-30,0.0
2010-01-31,0.0
2010-02-01,0.0
2010-02-02,0.0
2010-02-03,0.0
2010-02-04,0.0
2010-02-05,0.0
2010-02-06,0.0
2010-02-07,0.0
2010-02-08,0.0
2010-02-09,0.0
2010-02-10,0.0
2010-02-11,0.0
2010-02-12,0.0
2010-02-13,0.0
2010-02-14,0.0
2010-02-15,0.0
2010-02-16,0.0
2010-02-17,0.0
2010-02-18,0.0
2010-02-19,0.0
2010-02-20,0.0
2010-02-21,0.0
2010-02-22,0.0
2010-02-23,0.0
2010-02-24,0.0
2010-02-25,0.0
2010-02-26,0.0
2010-02-27,0.0
2010-02-28,0.0
2010-03-01,0.0
2010-03-02,0.0
2010-03-03,0.0
2010-03-04,0.0
2010-03-05,0.0
2010-03-06,0.0
2010-03-07,0.0
2010-03-08,0.0
2010-03-09,0.0
2010-03-10,0.0
2010-03-11,0.0
2010-03-12,0.0
2010-03-13,0.0
2010-03-14,0.0
2010-03-15,0.0
2010-03-16,0.0
2010-03-17,0.0
2010-03-18,0.0
2010-03-19,0.0
2010-03-20,0.0
2010-03-21,0.0
2010-03-22,0.0
2010-03-23,0.0
2010-03-24,0.0
2010-03-25,0.0
2010-03-26,0.0
2010-03-27,0.0
2010-03-28,0.0
2010-03-29,0.0
2010-03-30,0.0
2010-03-31,0.0
2010-04-01,0.0
2010-04-02,0.0
2010-04-03,0.0
2010-04-04,0.0
2010-04-05,0.0
2010-04-06,0.0
2010-04-07,0.0
2010-04-08,0.0
2010-04-09,0.0
2010-04-10,0.0
2010-04-11,0.0
2010-04-12,0.0
2010-04-13,0.0
2010-04-14,0.0
2010-04-15,0.0
2010-04-16,0.0
2010-04-17,0.0
2010-04-18,0.0
2010-04-19,0.0
2010-04-20,0.0
2010-04-21,0.0
2010-04-22,0.0
2010-04-23,0.0
2010-04-24,0.0
2010-04-25,0.0
2010-04-26,0.0
2010-04-27,0.0
2010-04-28,0.0
2010-04-29,0.0
2010-04-30,0.0
2010-05-01,0.0
2010-05-02,0.0
2010-05-03,0.0
2010-05-04,0.0
2010-05-05,0.0
2010-05-06,0.0
2010-05-07,0.0
2010-05-08,0.0
2010-05-09,0.0
2010-05-10,0.0
2010-05-11,0.0
2010-05-12,0.0
2010-05-13,0.0
2010-05-14,0.0
2010-05-15,0.0
2010-05-16,0.0
2010-05-17,0.0
2010-05-18,0.0
2010-05-19,0.0
2010-05-20,0.0
2010-05-21,0.0
2010-05-22,0.0
2010-05-23,0.0
2010-05-24,0.0
2010-05-25,0.0
2010-05-26,0.0
2010-05-27,0.0
2010-05-28,0.0
2010-05-29,0.0
2010-05-30,0.0
2010-05-31,0.0
2010-06-01,0.0
2010-06-02,0.0
2010-06-03,0.0
2010-06-04,0.0
2010-06-05,0.0
2010-06-06,0.0
2010-06-07,0.0
2010-06-08,0.0
2010-06-09,0.0
2010-06-10,0.0
2010-06-11,0.0
2010-06-12,0.0
2010-06-13,0.0
2010-06-14,0.0
2010-06-15,0.0
2010-06-16,0.0
2010-06-17,0.0
2010-06-18,0.0
2010-06-19,0.0
2010-06-20,0.0
2010-06-21,0.0
2010-06-22,0.0
2010-06-23,0.0
2010-06-24,0.0
2010-06-25,0.0
2010-06-26,0.0
2010-06-27,0.0
2010-06-28,0.0
2010-06-29,0.0
2010-06-30,0.0
2010-07-01,0.0
2010-07-02,0.0
2010-07-03,0.0
2010-07-04,0.0
2010-07-05,0.0
2010-07-06,0.0
2010-07-07,0.0
2010-07-08,0.0
2010-07-09,0.0
2010-07-10,0.0
2010-07-11,0.0
2010-07-12,0.0
2010-07-13,0.0
2010-07-14,0.0
2010-07-15,0.0
2010-07-16,0.0
2010-07-17,0.0
2010-07-18,0.0
2010-07-19,0.0
2010-07-20,0.0
2010-07-21,0.0
2010-07-22,0.0
2010-07-23,0.0
2010-07-24,0.0
2010-07-25,0.0
2010-07-26,0.0
2010-07-27,0.0
2010-07-28,0.0
2010-07-29,0.0
2010-07-30,0.0
2010-07-31,0.0
2010-08-01,0.0
2010-08-02,0.0
2010-08-03,0.0
2010-08-04,0.0
2010-08-05,0.0
2010-08-06,0.0
2010-08-07,0.0
2010-08-08,0.0
2010-08-09,0.0
2010-08-10,0.0
2010-08-11,0.0
2010-08-12,0.0
2010-08-13,0.0
2010-08-14,0.0
2010-08-15,0.0
2010-08-16,0.0
2010-08-17,0.0
2010-08-18,2649.0
2010-08-19,2649.0
2010-08-20,1410.0
2010-08-21,1410.0
2010-08-22,1990.0
2010-08-23,1990.0
2010-08-24,779.0
2010-08-25,779.0
2010-08-26,1224.0
2010-08-27,1224.0
2010-08-28,1579.0
2010-08-29,1579.0
2010-08-30,845.0
2010-08-31,845.0
2010-09-01,688.0
2010-09-02,688.0
2010-09-03,1751.0
2010-09-04,1751.0
2010-09-05,862.0
2010-09-06,862.0
2010-09-07,1347.0
2010-09-08,1347.0
2010-09-09,1015.0
2010-09-10,1015.0
2010-09-11,556.0
2010-09-12,556.0
2010-09-13,1412.0
2010-09-14,1412.0
2010-09-15,4780.0
2010-09-16,4780.0
2010-09-17,1792.0
2010-09-18,1792.0
2010-09-19,2963.0
2010-09-20,2963.0
2010-09-21,1236.0
2010-09-22,1236.0
2010-09-23,3306.0
2010-09-24,3306.0
2010-09-25,1066.0
2010-09-26,1066.0
2010-09-27,1445.0
2010-09-28,1445.0
2010-09-29,4666.0
2010-09-30,4666.0
2010-10-01,2350.0
2010-10-02,2350.0
2010-10-03,18961.0
2010-10-04,18961.0
2010-10-05,6490.0
2010-10-06,6490.0
2010-10-07,7232.0
2010-10-08,7232.0
2010-10-09,14355.0
2010-10-10,14355.0
2010-10-11,5806.0
2010-10-12,5806.0
2010-10-13,1954.0
2010-10-14,1954.0
2010-10-15,7264.0
2010-10-16,7264.0
2010-10-17,4489.0
2010-10-18,4489.0
2010-10-19,2720.0
2010-10-20,2720.0
2010-10-21,6726.0
2010-10-22,6726.0
2010-10-23,2456.0
2010-10-24,2456.0
2010-10-25,4299.0
2010-10-26,4299.0
2010-10-27,18235.0
2010-10-28,18235.0
2010-10-29,16111.0
2010-10-30,16111.0
2010-10-31,7535.0
2010-11-01,7535.0
2010-11-02,4977.0
2010-11-03,4977.0
2010-11-04,28594.0
2010-11-05,28594.0
2010-11-06,28387.0
2010-11-07,28387.0
2010-11-08,134063.0
2010-11-09,134063.0
2010-11-10,6184.0
2010-11-11,6184.0
2010-11-12,3054.0
2010-11-13,3054.0
2010-11-14,5671.0
2010-11-15,5671.0
2010-11-16,17785.0
2010-11-17,17785.0
2010-11-18,5600.0
2010-11-19,5600.0
2010-11-20,12813.0
2010-11-21,12813.0
2010-11-22,4200.0
2010-11-23,4200.0
2010-11-24,8045.0
2010-11-25,8045.0
2010-11-26,24631.0
2010-11-27,24631.0
2010-11-28,5060.0
2010-11-29,5060.0
2010-11-30,10313.0
2010-12-01,10313.0
2010-12-02,12297.0
2010-12-03,12297.0
2010-12-04,11174.0
2010-12-05,11174.0
2010-12-06,15403.0
2010-12-07,15403.0
2010-12-08,8015.0
2010-12-09,8015.0
2010-12-10,3359.0
2010-12-11,3359.0
2010-12-12,2639.0
2010-12-13,2639.0
2010-12-14,8236.0
2010-12-15,8236.0
2010-12-16,4728.0
2010-12-17,4728.0
2010-12-18,6928.0
2010-12-19,6928.0
2010-12-20,2735.0
2010-12-21,2735.0
2010-12-22,14144.0
2010-12-23,14144.0
2010-12-24,2077.0
2010-12-25,2077.0
2010-12-26,1680.0
2010-12-27,1680.0
2010-12-28,8990.0
2010-12-29,8990.0
2010-12-30,7230.0
2010-12-31,7230.0
2011-01-01,4249.0
2011-01-02,4249.0
2011-01-03,4844.0
2011-01-04,4844.0
2011-01-05,4746.0
2011-01-06,4746.0
2011-01-07,5304.0
2011-01-08,5304.0
2011-01-09,4919.0
2011-01-10,4919.0
2011-01-11,10925.0
2011-01-12,10925.0
2011-01-13,12205.0
2011-01-14,12205.0
2011-01-15,19660.0
2011-01-16,19660.0
2011-01-17,21248.0
2011-01-18,21248.0
2011-01-19,14224.0
2011-01-20,14224.0
2011-01-21,9737.0
2011-01-22,9737.0
2011-01-23,18353.0
2011-01-24,18353.0
2011-01-25,9593.0
2011-01-26,9593.0
2011-01-27,244197.0
2011-01-28,244197.0
2011-01-29,9028.0
2011-01-30,9028.0
2011-01-31,11063.0
2011-02-01,11063.0
2011-02-02,70019.0
2011-02-03,70019.0
2011-02-04,23600.0
2011-02-05,23600.0
2011-02-06,22269.0
2011-02-07,22269.0
2011-02-08,26738.0
2011-02-09,26738.0
2011-02-10,72572.0
2011-02-11,72572.0
2011-02-12,36859.0
2011-02-13,36859.0
2011-02-14,29065.0
2011-02-15,29065.0
2011-02-16,30500.0
2011-02-17,30500.0
2011-02-18,30662.0
2011-02-19,30662.0
2011-02-20,29573.0
2011-02-21,29573.0
2011-02-22,27368.0
2011-02-23,27368.0
2011-02-24,30986.0
2011-02-25,30986.0
2011-02-26,52359.0
2011-02-27,52359.0
2011-02-28,24184.0
2011-03-01,24184.0
2011-03-02,97038.0
2011-03-03,97038.0
2011-03-04,39776.0
2011-03-05,39776.0
2011-03-06,40280.0
2011-03-07,40280.0
2011-03-08,37702.0
2011-03-09,37702.0
2011-03-10,115881.0
2011-03-11,115881.0
2011-03-12,60424.0
2011-03-13,60424.0
2011-03-14,124309.0
2011-03-15,124309.0
2011-03-16,61691.0
2011-03-17,61691.0
2011-03-18,57847.0
2011-03-19,57847.0
2011-03-20,34938.0
2011-03-21,34938.0
2011-03-22,63477.0
2011-03-23,63477.0
2011-03-24,98185.0
2011-03-25,98185.0
2011-03-26,101642.0
2011-03-27,101642.0
2011-03-28,57362.0
2011-03-29,57362.0
2011-03-30,43376.0
2011-03-31,43376.0
2011-04-01,38322.0
2011-04-02,38322.0
2011-04-03,45209.0
2011-04-04,45209.0
2011-04-05,45955.0
2011-04-06,45955.0
2011-04-07,51998.0
2011-04-08,51998.0
2011-04-09,48280.0
2011-04-10,48280.0
2011-04-11,36299.0
2011-04-12,36299.0
2011-04-13,74439.0
2011-04-14,74439.0
2011-04-15,100098.0
2011-04-16,100098.0
2011-04-17,780771.0
2011-04-18,780771.0
2011-04-19,2000468.0
2011-04-20,2000468.0
2011-04-21,73586.0
2011-04-22,73586.0
2011-04-23,128333.0
2011-04-24,128333.0
2011-04-25,76427.0
2011-04-26,76427.0
2011-04-27,105119.0
2011-04-28,105119.0
2011-04-29,550045.0
2011-04-30,550045.0
2011-05-01,327093.0
2011-05-02,327093.0
2011-05-03,321812.0
2011-05-04,321812.0
2011-05-05,267356.0
2011-05-06,267356.0
2011-05-07,369563.0
2011-05-08,369563.0
2011-05-09,285840.0
2011-05-10,285840.0
2011-05-11,692885.0
2011-05-12,692885.0
2011-05-13,2737966.0
2011-05-14,2737966.0
2011-05-15,2326710.0
2011-05-16,2326710.0
2011-05-17,1159406.0
2011-05-18,1159406.0
2011-05-19,408467.0
2011-05-20,408467.0
2011-05-21,2827342.0
2011-05-22,2827342.0
2011-05-23,656643.0
2011-05-24,656643.0
2011-05-25,566716.0
2011-05-26,566716.0
2011-05-27,3111304.0
2011-05-28,3111304.0
2011-05-29,526541.0
2011-05-30,526541.0
2011-05-31,636881.0
2011-06-01,636881.0
2011-06-02,856819.0
2011-06-03,856819.0
2011-06-04,1521884.0
2011-06-05,1521884.0
2011-06-06,2089946.0
2011-06-07,2089946.0
2011-06-08,4909663.0
2011-06-09,4909663.0
2011-06-10,3843920.0
2011-06-11,3843920.0
2011-06-12,15503803.0
2011-06-13,15503803.0
2011-06-14,6262642.0
2011-06-15,6262642.0
2011-06-16,2639725.0
2011-06-17,2639725.0
2011-06-18,1998701.0
2011-06-19,1998701.0
2011-06-20,14519535.0
2011-06-21,14519535.0
2011-06-22,1843731.0
2011-06-23,1843731.0
2011-06-24,1777963.0
2011-06-25,1777963.0
2011-06-26,1101639.0
2011-06-27,1101639.0
2011-06-28,2629087.0
2011-06-29,2629087.0
2011-06-30,1747351.0
2011-07-01,1747351.0
2011-07-02,1501123.0
2011-07-03,1501123.0
2011-07-04,962698.0
2011-07-05,962698.0
2011-07-06,1426877.0
2011-07-07,1426877.0
2011-07-08,780059.0
2011-07-09,780059.0
2011-07-10,814691.0
2011-07-11,814691.0
2011-07-12,830828.0
2011-07-13,830828.0
2011-07-14,708563.0
2011-07-15,708563.0
2011-07-16,611225.0
2011-07-17,611225.0
2011-07-18,2566237.0
2011-07-19,2566237.0
2011-07-20,787825.0
2011-07-21,787825.0
2011-07-22,799642.0
2011-07-23,799642.0
2011-07-24,579072.0
2011-07-25,579072.0
2011-07-26,889346.0
2011-07-27,889346.0
2011-07-28,1298118.0
2011-07-29,1298118.0
2011-07-30,687360.0
2011-07-31,687360.0
2011-08-01,784067.0
2011-08-02,784067.0
2011-08-03,1241578.0
2011-08-04,1241578.0
2011-08-05,1354022.0
2011-08-06,1354022.0
2011-08-07,1277865.0
2011-08-08,1277865.0
2011-08-09,838551.0
2011-08-10,838551.0
2011-08-11,580148.0
2011-08-12,580148.0
2011-08-13,450891.0
2011-08-14,450891.0
2011-08-15,794343.0
2011-08-16,794343.0
2011-08-17,712430.0
2011-08-18,712430.0
2011-08-19,651408.0
2011-08-20,651408.0
2011-08-21,474112.0
2011-08-22,474112.0
2011-08-23,546621.0
2011-08-24,546621.0
2011-08-25,1445247.0
2011-08-26,1445247.0
2011-08-27,10297260.0
2011-08-28,10297260.0
2011-08-29,390351.0
2011-08-30,390351.0
2011-08-31,445986.0
2011-09-01,445986.0
2011-09-02,476920.0
2011-09-03,476920.0
2011-09-04,568608.0
2011-09-05,568608.0
2011-09-06,645989.0
2011-09-07,645989.0
2011-09-08,453856.0
2011-09-09,453856.0
2011-09-10,461676.0
2011-09-11,461676.0
2011-09-12,566694.0
2011-09-13,566694.0
2011-09-14,468495.0
2011-09-15,468495.0
2011-09-16,464448.0
2011-09-17,464448.0
2011-09-18,281638.0
2011-09-19,281638.0
2011-09-20,556567.0
2011-09-21,556567.0
2011-09-22,435759.0
2011-09-23,435759.0
2011-09-24,377726.0
2011-09-25,377726.0
2011-09-26,357898.0
2011-09-27,357898.0
2011-09-28,325105.0
2011-09-29,325105.0
2011-09-30,322381.0
2011-10-01,322381.0
2011-10-02,279125.0
2011-10-03,279125.0
2011-10-04,351417.0
2011-10-05,351417.0
2011-10-06,661795.0
2011-10-07,661795.0
2011-10-08,478236.0
2011-10-09,478236.0
2011-10-10,237715.0
2011-10-11,237715.0
2011-10-12,295833.0
2011-10-13,295833.0
2011-10-14,316445.0
2011-10-15,316445.0
2011-10-16,218919.0
2011-10-17,218919.0
2011-10-18,299721.0
2011-10-19,299721.0
2011-10-20,302146.0
2011-10-21,302146.0
2011-10-22,316963.0
2011-10-23,316963.0
2011-10-24,303468.0
2011-10-25,303468.0
2011-10-26,349570.0
2011-10-27,349570.0
2011-10-28,398532.0
2011-10-29,398532.0
2011-10-30,291917.0
2011-10-31,291917.0
2011-11-01,423635.0
2011-11-02,423635.0
2011-11-03,377651.0
2011-11-04,377651.0
2011-11-05,358627.0
2011-11-06,358627.0
2011-11-07,197525.0
2011-11-08,197525.0
2011-11-09,809263.0
2011-11-10,809263.0
2011-11-11,420199.0
2011-11-12,420199.0
2011-11-13,243426.0
2011-11-14,243426.0
2011-11-15,441365.0
2011-11-16,441365.0
2011-11-17,6702922.0
2011-11-18,6702922.0
2011-11-19,5513644.0
2011-11-20,5513644.0
2011-11-21,2661522.0
2011-11-22,2661522.0
2011-11-23,2729557.0
2011-11-24,2729557.0
2011-11-25,454521.0
2011-11-26,454521.0
2011-11-27,2783795.0
2011-11-28,2783795.0
2011-11-29,6103599.0
2011-11-30,6103599.0
2011-12-01,7723835.0
2011-12-02,7723835.0
2011-12-03,11525011.0
2011-12-04,11525011.0
2011-12-05,5518235.0
2011-12-06,5518235.0
2011-12-07,16375162.0
2011-12-08,16375162.0
2011-12-09,3556927.0
2011-12-10,3556927.0
2011-12-11,910170.0
2011-12-12,910170.0
2011-12-13,536072.0
2011-12-14,536072.0
2011-12-15,452855.0
2011-12-16,452855.0
2011-12-17,428890.0
2011-12-18,428890.0
2011-12-19,490970.0
2011-12-20,490970.0
2011-12-21,675626.0
2011-12-22,675626.0
2011-12-23,380340.0
2011-12-24,380340.0
2011-12-25,289996.0
2011-12-26,289996.0
2011-12-27,335821.0
2011-12-28,335821.0
2011-12-29,503870.0
2011-12-30,503870.0
2011-12-31,415486.0
2012-01-01,415486.0
2012-01-02,568334.0
2012-01-03,568334.0
2012-01-04,665796.0
2012-01-05,665796.0
2012-01-06,1253710.0
2012-01-07,1253710.0
2012-01-08,579522.0
2012-01-09,579522.0
2012-01-10,741592.0
2012-01-11,741592.0
2012-01-12,553600.0
2012-01-13,553600.0
2012-01-14,836496.0
2012-01-15,836496.0
2012-01-16,917770.0
2012-01-17,917770.0
2012-01-18,1066261.0
2012-01-19,1066261.0
2012-01-20,963301.0
2012-01-21,963301.0
2012-01-22,397685.0
2012-01-23,397685.0
2012-01-24,630962.0
2012-01-25,630962.0
2012-01-26,811708.0
2012-01-27,811708.0
2012-01-28,484063.0
2012-01-29,484063.0
2012-01-30,463445.0
2012-01-31,463445.0
2012-02-01,789751.0
2012-02-02,789751.0
2012-02-03,725368.0
2012-02-04,725368.0
2012-02-05,660909.0
2012-02-06,660909.0
2012-02-07,650888.0
2012-02-08,650888.0
2012-02-09,536018.0
2012-02-10,536018.0
2012-02-11,618951.0
2012-02-12,618951.0
2012-02-13,781324.0
2012-02-14,781324.0
2012-02-15,2096214.0
2012-02-16,2096214.0
2012-02-17,900215.0
2012-02-18,900215.0
2012-02-19,353030.0
2012-02-20,353030.0
2012-02-21,456992.0
2012-02-22,456992.0
2012-02-23,617242.0
2012-02-24,617242.0
2012-02-25,922316.0
2012-02-26,922316.0
2012-02-27,468194.0
2012-02-28,468194.0
2012-02-29,513594.0
2012-03-01,513594.0
2012-03-02,1164446.0
2012-03-03,1164446.0
2012-03-04,473450.0
2012-03-05,473450.0
2012-03-06,587367.0
2012-03-07,587367.0
2012-03-08,485287.0
2012-03-09,485287.0
2012-03-10,505860.0
2012-03-11,505860.0
2012-03-12,540006.0
2012-03-13,540006.0
2012-03-14,646581.0
2012-03-15,646581.0
2012-03-16,749601.0
2012-03-17,749601.0
2012-03-18,484560.0
2012-03-19,484560.0
2012-03-20,610840.0
2012-03-21,610840.0
2012-03-22,615282.0
2012-03-23,615282.0
2012-03-24,492929.0
2012-03-25,492929.0
2012-03-26,527552.0
2012-03-27,527552.0
2012-03-28,653315.0
2012-03-29,653315.0
2012-03-30,669916.0
2012-03-31,669916.0
2012-04-01,452369.0
2012-04-02,452369.0
2012-04-03,768178.0
2012-04-04,768178.0
2012-04-05,829501.0
2012-04-06,829501.0
2012-04-07,542647.0
2012-04-08,542647.0
2012-04-09,1241680.0
2012-04-10,1241680.0
2012-04-11,682008.0
2012-04-12,682008.0
2012-04-13,960244.0
2012-04-14,960244.0
2012-04-15,431013.0
2012-04-16,431013.0
2012-04-17,1099386.0
2012-04-18,1099386.0
2012-04-19,1038662.0
2012-04-20,1038662.0
2012-04-21,933213.0
2012-04-22,933213.0
2012-04-23,612089.0
2012-04-24,612089.0
2012-04-25,787789.0
2012-04-26,787789.0
2012-04-27,750356.0
2012-04-28,750356.0
2012-04-29,800697.0
2012-04-30,800697.0
2012-05-01,765844.0
2012-05-02,765844.0
2012-05-03,911396.0
2012-05-04,911396.0
2012-05-05,751695.0
2012-05-06,751695.0
2012-05-07,895072.0
2012-05-08,895072.0
2012-05-09,1138844.0
2012-05-10,1138844.0
2012-05-11,1138863.0
2012-05-12,1138863.0
2012-05-13,711651.0
2012-05-14,711651.0
2012-05-15,1146251.0
2012-05-16,1146251.0
2012-05-17,824999.0
2012-05-18,824999.0
2012-05-19,764992.0
2012-05-20,764992.0
2012-05-21,1092576.0
2012-05-22,1092576.0
2012-05-23,1086090.0
2012-05-24,1086090.0
2012-05-25,831374.0
2012-05-26,831374.0
2012-05-27,685520.0
2012-05-28,685520.0
2012-05-29,1034024.0
2012-05-30,1034024.0
2012-05-31,1095397.0
2012-06-01,1095397.0
2012-06-02,989428.0
2012-06-03,989428.0
2012-06-04,1110604.0
2012-06-05,1110604.0
2012-06-06,1064912.0
2012-06-07,1064912.0
2012-06-08,1389101.0
2012-06-09,1389101.0
2012-06-10,850427.0
2012-06-11,850427.0
2012-06-12,1167081.0
2012-06-13,1167081.0
2012-06-14,1073837.0
2012-06-15,1073837.0
2012-06-16,1776317.0
2012-06-17,1776317.0
2012-06-18,1262781.0
2012-06-19,1262781.0
2012-06-20,1697977.0
2012-06-21,1697977.0
2012-06-22,1676382.0
2012-06-23,1676382.0
2012-06-24,1756136.0
2012-06-25,1756136.0
2012-06-26,1930647.0
2012-06-27,1930647.0
2012-06-28,1547091.0
2012-06-29,1547091.0
2012-06-30,958873.0
2012-07-01,958873.0
2012-07-02,977687.0
2012-07-03,977687.0
2012-07-04,1506107.0
2012-07-05,1506107.0
2012-07-06,1325077.0
2012-07-07,1325077.0
2012-07-08,882943.0
2012-07-09,882943.0
2012-07-10,1753780.0
2012-07-11,1753780.0
2012-07-12,1769973.0
2012-07-13,1769973.0
2012-07-14,2336848.0
2012-07-15,2336848.0
2012-07-16,1661503.0
2012-07-17,1661503.0
2012-07-18,2758940.0
2012-07-19,2758940.0
2012-07-20,2297360.0
2012-07-21,2297360.0
2012-07-22,1248162.0
2012-07-23,1248162.0
2012-07-24,2030339.0
2012-07-25,2030339.0
2012-07-26,2138892.0
2012-07-27,2138892.0
2012-07-28,1229283.0
2012-07-29,1229283.0
2012-07-30,1424114.0
2012-07-31,1424114.0
2012-08-01,2598530.0
2012-08-02,2598530.0
2012-08-03,2961123.0
2012-08-04,2961123.0
2012-08-05,1596988.0
2012-08-06,1596988.0
2012-08-07,2113987.0
2012-08-08,2113987.0
2012-08-09,2882069.0
2012-08-10,2882069.0
2012-08-11,1692485.0
2012-08-12,1692485.0
2012-08-13,2115786.0
2012-08-14,2115786.0
2012-08-15,2241263.0
2012-08-16,2241263.0
2012-08-17,3341893.0
2012-08-18,3341893.0
2012-08-19,4363895.0
2012-08-20,4363895.0
2012-08-21,3146792.0
2012-08-22,3146792.0
2012-08-23,2653441.0
2012-08-24,2653441.0
2012-08-25,2448928.0
2012-08-26,2448928.0
2012-08-27,3360623.0
2012-08-28,3360623.0
2012-08-29,2736267.0
2012-08-30,2736267.0
2012-08-31,4119638.0
2012-09-01,4119638.0
2012-09-02,1346909.0
2012-09-03,1346909.0
2012-09-04,2515047.0
2012-09-05,2515047.0
2012-09-06,3244593.0
2012-09-07,3244593.0
2012-09-08,1989741.0
2012-09-09,1989741.0
2012-09-10,4662617.0
2012-09-11,4662617.0
2012-09-12,2963400.0
2012-09-13,2963400.0
2012-09-14,2476501.0
2012-09-15,2476501.0
2012-09-16,1647449.0
2012-09-17,1647449.0
2012-09-18,3313125.0
2012-09-19,3313125.0
2012-09-20,3224024.0
2012-09-21,3224024.0
2012-09-22,3035165.0
2012-09-23,3035165.0
2012-09-24,3041292.0
2012-09-25,3041292.0
2012-09-26,2787295.0
2012-09-27,2787295.0
2012-09-28,2864060.0
2012-09-29,2864060.0
2012-09-30,2180981.0
2012-10-01,2180981.0
2012-10-02,3503565.0
2012-10-03,3503565.0
2012-10-04,3326931.0
2012-10-05,3326931.0
2012-10-06,1755079.0
2012-10-07,1755079.0
2012-10-08,2664207.0
2012-10-09,2664207.0
2012-10-10,2462497.0
2012-10-11,2462497.0
2012-10-12,2594250.0
2012-10-13,2594250.0
2012-10-14,1628112.0
2012-10-15,1628112.0
2012-10-16,2729343.0
2012-10-17,2729343.0
2012-10-18,2691907.0
2012-10-19,2691907.0
2012-10-20,3294081.0
2012-10-21,3294081.0
2012-10-22,2481903.0
2012-10-23,2481903.0
2012-10-24,3782770.0
2012-10-25,3782770.0
2012-10-26,2637060.0
2012-10-27,2637060.0
2012-10-28,1585103.0
2012-10-29,1585103.0
2012-10-30,3302044.0
2012-10-31,3302044.0
2012-11-01,3093891.0
2012-11-02,3093891.0
2012-11-03,1626210.0
2012-11-04,1626210.0
2012-11-05,1973937.0
2012-11-06,1973937.0
2012-11-07,2345008.0
2012-11-08,2345008.0
2012-11-09,2089416.0
2012-11-10,2089416.0
2012-11-11,774286.0
2012-11-12,774286.0
2012-11-13,1439249.0
2012-11-14,1439249.0
2012-11-15,2196317.0
2012-11-16,2196317.0
2012-11-17,2838875.0
2012-11-18,2838875.0
2012-11-19,3084759.0
2012-11-20,3084759.0
2012-11-21,2130171.0
2012-11-22,2130171.0
2012-11-23,1608539.0
2012-11-24,1608539.0
2012-11-25,1392564.0
2012-11-26,1392564.0
2012-11-27,3021259.0
2012-11-28,3021259.0
2012-11-29,2367943.0
2012-11-30,2367943.0
2012-12-01,1680606.0
2012-12-02,1680606.0
2012-12-03,2490623.0
2012-12-04,2490623.0
2012-12-05,3171569.0
2012-12-06,3171569.0
2012-12-07,2952657.0
2012-12-08,2952657.0
2012-12-09,1593928.0
2012-12-10,1593928.0
2012-12-11,3745276.0
2012-12-12,3745276.0
2012-12-13,4343095.0
2012-12-14,4343095.0
2012-12-15,2527927.0
2012-12-16,2527927.0
2012-12-17,2721533.0
2012-12-18,2721533.0
2012-12-19,3168938.0
2012-12-20,3168938.0
2012-12-21,2880933.0
2012-12-22,2880933.0
2012-12-23,1371188.0
2012-12-24,1371188.0
2012-12-25,1495965.0
2012-12-26,1495965.0
2012-12-27,2100887.0
2012-12-28,2100887.0
2012-12-29,2236812.0
2012-12-30,2236812.0
2012-12-31,2475471.0
2013-01-01,2475471.0
2013-01-02,3201112.0
2013-01-03,3201112.0
2013-01-04,2902299.0
2013-01-05,2902299.0
2013-01-06,1924972.0
2013-01-07,1924972.0
2013-01-08,3283637.0
2013-01-09,3283637.0
2013-01-10,3270152.0
2013-01-11,3270152.0
2013-01-12,2481424.0
2013-01-13,2481424.0
2013-01-14,2562183.0
2013-01-15,2562183.0
2013-01-16,3501973.0
2013-01-17,3501973.0
2013-01-18,3924977.0
2013-01-19,3924977.0
2013-01-20,1958761.0
2013-01-21,1958761.0
2013-01-22,4627216.0
2013-01-23,4627216.0
2013-01-24,6239889.0
2013-01-25,6239889.0
2013-01-26,4316986.0
2013-01-27,4316986.0
2013-01-28,3790258.0
2013-01-29,3790258.0
2013-01-30,5821475.0
2013-01-31,5821475.0
2013-02-01,7820485.0
2013-02-02,7820485.0
2013-02-03,3715417.0
2013-02-04,3715417.0
2013-02-05,5488787.0
2013-02-06,5488787.0
2013-02-07,5968552.0
2013-02-08,5968552.0
2013-02-09,4223315.0
2013-02-10,4223315.0
2013-02-11,4426803.0
2013-02-12,4426803.0
2013-02-13,7442417.0
2013-02-14,7442417.0
2013-02-15,9301581.0
2013-02-16,9301581.0
2013-02-17,6067580.0
2013-02-18,6067580.0
2013-02-19,7052949.0
2013-02-20,7052949.0
2013-02-21,7550061.0
2013-02-22,7550061.0
2013-02-23,6872446.0
2013-02-24,6872446.0
2013-02-25,9347856.0
2013-02-26,9347856.0
2013-02-27,6959135.0
2013-02-28,6959135.0
2013-03-01,11051611.0
2013-03-02,11051611.0
2013-03-03,3914052.0
2013-03-04,3914052.0
2013-03-05,11576870.0
2013-03-06,11576870.0
2013-03-07,14236761.0
2013-03-08,14236761.0
2013-03-09,7501147.0
2013-03-10,7501147.0
2013-03-11,9081051.0
2013-03-12,9081051.0
2013-03-13,12910133.0
2013-03-14,12910133.0
2013-03-15,10687439.0
2013-03-16,10687439.0
2013-03-17,6285195.0
2013-03-18,6285195.0
2013-03-19,18778746.0
2013-03-20,18778746.0
2013-03-21,20575727.0
2013-03-22,20575727.0
2013-03-23,15164676.0
2013-03-24,15164676.0
2013-03-25,20725370.0
2013-03-26,20725370.0
2013-03-27,22754510.0
2013-03-28,22754510.0
2013-03-29,27471833.0
2013-03-30,27471833.0
2013-03-31,12404983.0
2013-04-01,12404983.0
2013-04-02,44122940.0
2013-04-03,44122940.0
2013-04-04,48600145.0
2013-04-05,48600145.0
2013-04-06,27164719.0
2013-04-07,27164719.0
2013-04-08,53285205.0
2013-04-09,53285205.0
2013-04-10,109067750.0
2013-04-11,109067750.0
2013-04-12,37369827.0
2013-04-13,37369827.0
2013-04-14,16832998.0
2013-04-15,16832998.0
2013-04-16,50172538.0
2013-04-17,50172538.0
2013-04-18,25397077.0
2013-04-19,25397077.0
2013-04-20,21420855.0
2013-04-21,21420855.0
2013-04-22,19186106.0
2013-04-23,19186106.0
2013-04-24,38367160.0
2013-04-25,38367160.0
2013-04-26,34243763.0
2013-04-27,34243763.0
2013-04-28,22605050.0
2013-04-29,22605050.0
2013-04-30,32294820.0
2013-05-01,32294820.0
2013-05-02,33019004.0
2013-05-03,33019004.0
2013-05-04,19138832.0
2013-05-05,19138832.0
2013-05-06,32747255.0
2013-05-07,32747255.0
2013-05-08,37158553.0
2013-05-09,37158553.0
2013-05-10,23437933.0
2013-05-11,23437933.0
2013-05-12,24398195.0
2013-05-13,24398195.0
2013-05-14,23674574.0
2013-05-15,23674574.0
2013-05-16,24772186.0
2013-05-17,24772186.0
2013-05-18,26655270.0
2013-05-19,26655270.0
2013-05-20,14724464.0
2013-05-21,14724464.0
2013-05-22,16951340.0
2013-05-23,16951340.0
2013-05-24,18356960.0
2013-05-25,18356960.0
2013-05-26,9320100.0
2013-05-27,9320100.0
2013-05-28,21874484.0
2013-05-29,21874484.0
2013-05-30,19997470.0
2013-05-31,19997470.0
2013-06-01,12395215.0
2013-06-02,12395215.0
2013-06-03,21628574.0
2013-06-04,21628574.0
2013-06-05,20651670.0
2013-06-06,20651670.0
2013-06-07,26030025.0
2013-06-08,26030025.0
2013-06-09,22648459.0
2013-06-10,22648459.0
2013-06-11,15612185.0
2013-06-12,15612185.0
2013-06-13,14604166.0
2013-06-14,14604166.0
2013-06-15,14288283.0
2013-06-16,14288283.0
2013-06-17,11990898.0
2013-06-18,11990898.0
2013-06-19,15008169.0
2013-06-20,15008169.0
2013-06-21,20329679.0
2013-06-22,20329679.0
2013-06-23,11109050.0
2013-06-24,11109050.0
2013-06-25,15094760.0
2013-06-26,15094760.0
2013-06-27,14300350.0
2013-06-28,14300350.0
2013-06-29,12964846.0
2013-06-30,12964846.0
2013-07-01,19434641.0
2013-07-02,19434641.0
2013-07-03,21960742.0
2013-07-04,21960742.0
2013-07-05,23177973.0
2013-07-06,23177973.0
2013-07-07,11978048.0
2013-07-08,11978048.0
2013-07-09,24266100.0
2013-07-10,24266100.0
2013-07-11,17778704.0
2013-07-12,17778704.0
2013-07-13,27547900.0
2013-07-14,27547900.0
2013-07-15,14831969.0
2013-07-16,14831969.0
2013-07-17,35799465.0
2013-07-18,35799465.0
2013-07-19,26606654.0
2013-07-20,26606654.0
2013-07-21,11557290.0
2013-07-22,11557290.0
2013-07-23,29454766.0
2013-07-24,29454766.0
2013-07-25,17564335.0
2013-07-26,17564335.0
2013-07-27,13875296.0
2013-07-28,13875296.0
2013-07-29,18173521.0
2013-07-30,18173521.0
2013-07-31,27961402.0
2013-08-01,27961402.0
2013-08-02,17227543.0
2013-08-03,17227543.0
2013-08-04,9821585.0
2013-08-05,9821585.0
2013-08-06,17336173.0
2013-08-07,17336173.0
2013-08-08,15173289.0
2013-08-09,15173289.0
2013-08-10,11394420.0
2013-08-11,11394420.0
2013-08-12,23274506.0
2013-08-13,23274506.0
2013-08-14,18877399.0
2013-08-15,18877399.0
2013-08-16,15799075.0
2013-08-17,15799075.0
2013-08-18,9855148.0
2013-08-19,9855148.0
2013-08-20,21774465.0
2013-08-21,21774465.0
2013-08-22,19417003.0
2013-08-23,19417003.0
2013-08-24,12358432.0
2013-08-25,12358432.0
2013-08-26,15758636.0
2013-08-27,15758636.0
2013-08-28,23599317.0
2013-08-29,23599317.0
2013-08-30,19897419.0
2013-08-31,19897419.0
2013-09-01,19292550.0
2013-09-02,19292550.0
2013-09-03,21059813.0
2013-09-04,21059813.0
2013-09-05,25503578.0
2013-09-06,25503578.0
2013-09-07,13811249.0
2013-09-08,13811249.0
2013-09-09,15359356.0
2013-09-10,15359356.0
2013-09-11,17480102.0
2013-09-12,17480102.0
2013-09-13,17487264.0
2013-09-14,17487264.0
2013-09-15,9903219.0
2013-09-16,9903219.0
2013-09-17,17593089.0
2013-09-18,17593089.0
2013-09-19,27283020.0
2013-09-20,27283020.0
2013-09-21,13680647.0
2013-09-22,13680647.0
2013-09-23,19845271.0
2013-09-24,19845271.0
2013-09-25,22296216.0
2013-09-26,22296216.0
2013-09-27,20570062.0
2013-09-28,20570062.0
2013-09-29,18613584.0
2013-09-30,18613584.0
2013-10-01,28385075.0
2013-10-02,28385075.0
2013-10-03,39333168.0
2013-10-04,39333168.0
2013-10-05,12004509.0
2013-10-06,12004509.0
2013-10-07,22147123.0
2013-10-08,22147123.0
2013-10-09,22600153.0
2013-10-10,22600153.0
2013-10-11,20022201.0
2013-10-12,20022201.0
2013-10-13,13162986.0
2013-10-14,13162986.0
2013-10-15,25180562.0
2013-10-16,25180562.0
2013-10-17,25606096.0
2013-10-18,25606096.0
2013-10-19,32532840.0
2013-10-20,32532840.0
2013-10-21,30979595.0
2013-10-22,30979595.0
2013-10-23,48435641.0
2013-10-24,48435641.0
2013-10-25,59153404.0
2013-10-26,59153404.0
2013-10-27,20364921.0
2013-10-28,20364921.0
2013-10-29,56466616.0
2013-10-30,56466616.0
2013-10-31,30015321.0
2013-11-01,30015321.0
2013-11-02,25308174.0
2013-11-03,25308174.0
2013-11-04,44225105.0
2013-11-05,44225105.0
2013-11-06,66303724.0
2013-11-07,66303724.0
2013-11-08,105554624.0
2013-11-09,105554624.0
2013-11-10,66944275.0
2013-11-11,66944275.0
2013-11-12,80529524.0
2013-11-13,80529524.0
2013-11-14,116172520.0
2013-11-15,116172520.0
2013-11-16,96660457.0
2013-11-17,96660457.0
2013-11-18,183156028.0
2013-11-19,183156028.0
2013-11-20,189981706.0
2013-11-21,189981706.0
2013-11-22,499658342.0
2013-11-23,499658342.0
2013-11-24,188795019.0
2013-11-25,188795019.0
2013-11-26,240113213.0
2013-11-27,240113213.0
2013-11-28,343988520.0
2013-11-29,343988520.0
2013-11-30,259798119.0
2013-12-01,259798119.0
2013-12-02,209705624.0
2013-12-03,209705624.0
2013-12-04,196826039.0
2013-12-05,196826039.0
2013-12-06,278007050.0
2013-12-07,278007050.0
2013-12-08,138704496.0
2013-12-09,138704496.0
2013-12-10,161107070.0
2013-12-11,161107070.0
2013-12-12,92211510.0
2013-12-13,92211510.0
2013-12-14,99250160.0
2013-12-15,99250160.0
2013-12-16,119628591.0
2013-12-17,119628591.0
2013-12-18,197594224.0
2013-12-19,197594224.0
2013-12-20,132627443.0
2013-12-21,132627443.0
2013-12-22,98196637.0
2013-12-23,98196637.0
2013-12-24,83190871.0
2013-12-25,83190871.0
2013-12-26,67082728.0
2013-12-27,67082728.0
2013-12-28,58459390.0
2013-12-29,58459390.0
2013-12-30,88947409.0
2013-12-31,88947409.0
2014-01-01,56483139.0
2014-01-02,56483139.0
2014-01-03,149944252.0
2014-01-04,149944252.0
2014-01-05,133777808.0
2014-01-06,133777808.0
2014-01-07,100994810.0
2014-01-08,100994810.0
2014-01-09,65072095.0
2014-01-10,65072095.0
2014-01-11,86126142.0
2014-01-12,86126142.0
2014-01-13,73322235.0
2014-01-14,73322235.0
2014-01-15,110811182.0
2014-01-16,110811182.0
2014-01-17,69286154.0
2014-01-18,69286154.0
2014-01-19,50510418.0
2014-01-20,50510418.0
2014-01-21,113445881.0
2014-01-22,113445881.0
2014-01-23,73300289.0
2014-01-24,73300289.0
2014-01-25,63934534.0
2014-01-26,63934534.0
2014-01-27,89454816.0
2014-01-28,89454816.0
2014-01-29,55425036.0
2014-01-30,55425036.0
2014-01-31,52245602.0
2014-02-01,52245602.0
2014-02-02,46812767.0
2014-02-03,46812767.0
2014-02-04,84175036.0
2014-02-05,84175036.0
2014-02-06,164571017.0
2014-02-07,164571017.0
2014-02-08,52404670.0
2014-02-09,52404670.0
2014-02-10,80274582.0
2014-02-11,80274582.0
2014-02-12,67142256.0
2014-02-13,67142256.0
2014-02-14,96607239.0
2014-02-15,96607239.0
2014-02-16,61558705.0
2014-02-17,61558705.0
2014-02-18,73726238.0
2014-02-19,73726238.0
2014-02-20,57574083.0
2014-02-21,57574083.0
2014-02-22,48924427.0
2014-02-23,48924427.0
2014-02-24,90670244.0
2014-02-25,90670244.0
2014-02-26,78051369.0
2014-02-27,78051369.0
2014-02-28,71850164.0
2014-03-01,71850164.0
2014-03-02,39679925.0
2014-03-03,39679925.0
2014-03-04,130586369.0
2014-03-05,130586369.0
2014-03-06,80932841.0
2014-03-07,80932841.0
2014-03-08,283095945.0
2014-03-09,283095945.0
2014-03-10,335365185.0
2014-03-11,335365185.0
2014-03-12,191983433.0
2014-03-13,191983433.0
2014-03-14,140788486.0
2014-03-15,140788486.0
2014-03-16,37279671.0
2014-03-17,37279671.0
2014-03-18,55440433.0
2014-03-19,55440433.0
2014-03-20,81945774.0
2014-03-21,81945774.0
2014-03-22,41674092.0
2014-03-23,41674092.0
2014-03-24,46027817.0
2014-03-25,46027817.0
2014-03-26,46966514.0
2014-03-27,46966514.0
2014-03-28,85826500.0
2014-03-29,85826500.0
2014-03-30,43260859.0
2014-03-31,43260859.0
2014-04-01,59045962.0
2014-04-02,59045962.0
2014-04-03,67793531.0
2014-04-04,67793531.0
2014-04-05,52858403.0
2014-04-06,52858403.0
2014-04-07,36774851.0
2014-04-08,36774851.0
2014-04-09,39205732.0
2014-04-10,39205732.0
2014-04-11,86855660.0
2014-04-12,86855660.0
2014-04-13,20899083.0
2014-04-14,20899083.0
2014-04-15,60349096.0
2014-04-16,60349096.0
2014-04-17,66040408.0
2014-04-18,66040408.0
2014-04-19,28166242.0
2014-04-20,28166242.0
2014-04-21,68262812.0
2014-04-22,68262812.0
2014-04-23,57844227.0
2014-04-24,57844227.0
2014-04-25,57255580.0
2014-04-26,57255580.0
2014-04-27,27137031.0
2014-04-28,27137031.0
2014-04-29,43152464.0
2014-04-30,43152464.0
2014-05-01,34726960.0
2014-05-02,34726960.0
2014-05-03,30860338.0
2014-05-04,30860338.0
2014-05-05,27006284.0
2014-05-06,27006284.0
2014-05-07,48178380.0
2014-05-08,48178380.0
2014-05-09,36304065.0
2014-05-10,36304065.0
2014-05-11,21302695.0
2014-05-12,21302695.0
2014-05-13,36846458.0
2014-05-14,36846458.0
2014-05-15,45902853.0
2014-05-16,45902853.0
2014-05-17,19761483.0
2014-05-18,19761483.0
2014-05-19,31446950.0
2014-05-20,31446950.0
2014-05-21,52751556.0
2014-05-22,52751556.0
2014-05-23,64993979.0
2014-05-24,64993979.0
2014-05-25,63234339.0
2014-05-26,63234339.0
2014-05-27,67580046.0
2014-05-28,67580046.0
2014-05-29,45401397.0
2014-05-30,45401397.0
2014-05-31,55048506.0
2014-06-01,55048506.0
2014-06-02,55263584.0
2014-06-03,55263584.0
2014-06-04,66164960.0
2014-06-05,66164960.0
2014-06-06,66893782.0
2014-06-07,66893782.0
2014-06-08,30015285.0
2014-06-09,30015285.0
2014-06-10,112205327.0
2014-06-11,112205327.0
2014-06-12,90337283.0
2014-06-13,90337283.0
2014-06-14,38957451.0
2014-06-15,38957451.0
2014-06-16,49711134.0
2014-06-17,49711134.0
2014-06-18,51361498.0
2014-06-19,51361498.0
2014-06-20,41117791.0
2014-06-21,41117791.0
2014-06-22,29773254.0
2014-06-23,29773254.0
2014-06-24,130567463.0
2014-06-25,130567463.0
2014-06-26,64083057.0
2014-06-27,64083057.0
2014-06-28,38399762.0
2014-06-29,38399762.0
2014-06-30,53399280.0
2014-07-01,53399280.0
2014-07-02,70378228.0
2014-07-03,70378228.0
2014-07-04,52563526.0
2014-07-05,52563526.0
2014-07-06,28240285.0
2014-07-07,28240285.0
2014-07-08,57967072.0
2014-07-09,57967072.0
2014-07-10,46194573.0
2014-07-11,46194573.0
2014-07-12,33905603.0
2014-07-13,33905603.0
2014-07-14,39773995.0
2014-07-15,39773995.0
2014-07-16,66491033.0
2014-07-17,66491033.0
2014-07-18,50696974.0
2014-07-19,50696974.0
2014-07-20,26332169.0
2014-07-21,26332169.0
2014-07-22,66301035.0
2014-07-23,66301035.0
2014-07-24,62927564.0
2014-07-25,62927564.0
2014-07-26,29888490.0
2014-07-27,29888490.0
2014-07-28,45007749.0
2014-07-29,45007749.0
2014-07-30,43910086.0
2014-07-31,43910086.0
2014-08-01,100025886.0
2014-08-02,100025886.0
2014-08-03,29006666.0
2014-08-04,29006666.0
2014-08-05,79081409.0
2014-08-06,79081409.0
2014-08-07,59148318.0
2014-08-08,59148318.0
2014-08-09,54274894.0
2014-08-10,54274894.0
2014-08-11,43160222.0
2014-08-12,43160222.0
2014-08-13,68343254.0
2014-08-14,68343254.0
2014-08-15,68492066.0
2014-08-16,68492066.0
2014-08-17,40549429.0
2014-08-18,40549429.0
2014-08-19,58857523.0
2014-08-20,58857523.0
2014-08-21,59265349.0
2014-08-22,59265349.0
2014-08-23,36094826.0
2014-08-24,36094826.0
2014-08-25,56406843.0
2014-08-26,56406843.0
2014-08-27,59515079.0
2014-08-28,59515079.0
2014-08-29,37526263.0
2014-08-30,37526263.0
2014-08-31,32984034.0
2014-09-01,32984034.0
2014-09-02,57211483.0
2014-09-03,57211483.0
2014-09-04,43029156.0
2014-09-05,43029156.0
2014-09-06,46641358.0
2014-09-07,46641358.0
2014-09-08,50577061.0
2014-09-09,50577061.0
2014-09-10,59807812.0
2014-09-11,59807812.0
2014-09-12,44787910.0
2014-09-13,44787910.0
2014-09-14,33003201.0
2014-09-15,33003201.0
2014-09-16,43919238.0
2014-09-17,43919238.0
2014-09-18,64335430.0
2014-09-19,64335430.0
2014-09-20,59356580.0
2014-09-21,59356580.0
2014-09-22,34182377.0
2014-09-23,34182377.0
2014-09-24,56605228.0
2014-09-25,56605228.0
2014-09-26,47166952.0
2014-09-27,47166952.0
2014-09-28,35314615.0
2014-09-29,35314615.0
2014-09-30,51711511.0
2014-10-01,51711511.0
2014-10-02,44654562.0
2014-10-03,44654562.0
2014-10-04,59714061.0
2014-10-05,59714061.0
2014-10-06,83003776.0
2014-10-07,83003776.0
2014-10-08,63475329.0
2014-10-09,63475329.0
2014-10-10,66251247.0
2014-10-11,66251247.0
2014-10-12,37290971.0
2014-10-13,37290971.0
2014-10-14,85862253.0
2014-10-15,85862253.0
2014-10-16,48944986.0
2014-10-17,48944986.0
2014-10-18,43541830.0
2014-10-19,43541830.0
2014-10-20,47069051.0
2014-10-21,47069051.0
2014-10-22,73884654.0
2014-10-23,73884654.0
2014-10-24,57480880.0
2014-10-25,57480880.0
2014-10-26,32411926.0
2014-10-27,32411926.0
2014-10-28,41415805.0
2014-10-29,41415805.0
2014-10-30,46623283.0
2014-10-31,46623283.0
2014-11-01,36764265.0
2014-11-02,36764265.0
2014-11-03,41105832.0
2014-11-04,41105832.0
2014-11-05,78016547.0
2014-11-06,78016547.0
2014-11-07,61950234.0
2014-11-08,61950234.0
2014-11-09,35847049.0
2014-11-10,35847049.0
2014-11-11,56457994.0
2014-11-12,56457994.0
2014-11-13,121129353.0
2014-11-14,121129353.0
2014-11-15,61511796.0
2014-11-16,61511796.0
2014-11-17,66904022.0
2014-11-18,66904022.0
2014-11-19,53664217.0
2014-11-20,53664217.0
2014-11-21,57490040.0
2014-11-22,57490040.0
2014-11-23,30536153.0
2014-11-24,30536153.0
2014-11-25,77567837.0
2014-11-26,77567837.0
2014-11-27,48525776.0
2014-11-28,48525776.0
2014-11-29,74496486.0
2014-11-30,74496486.0
2014-12-01,60655884.0
2014-12-02,60655884.0
2014-12-03,78960564.0
2014-12-04,78960564.0
2014-12-05,99565413.0
2014-12-06,99565413.0
2014-12-07,41290985.0
2014-12-08,41290985.0
2014-12-09,113085882.0
2014-12-10,113085882.0
2014-12-11,64049604.0
2014-12-12,64049604.0
2014-12-13,48843853.0
2014-12-14,48843853.0
2014-12-15,49816388.0
2014-12-16,49816388.0
2014-12-17,70794117.0
2014-12-18,70794117.0
2014-12-19,59773546.0
2014-12-20,59773546.0
2014-12-21,36054494.0
2014-12-22,36054494.0
2014-12-23,64168766.0
2014-12-24,64168766.0
2014-12-25,37379573.0
2014-12-26,37379573.0
2014-12-27,42707345.0
2014-12-28,42707345.0
2014-12-29,41511175.0
2014-12-30,41511175.0
2014-12-31,53657583.0
2015-01-01,53657583.0
2015-01-02,28315237.0
2015-01-03,28315237.0
2015-01-04,82102043.0
2015-01-05,82102043.0
2015-01-06,56472457.0
2015-01-07,56472457.0
2015-01-08,51516706.0
2015-01-09,51516706.0
2015-01-10,69092710.0
2015-01-11,69092710.0
2015-01-12,51198106.0
2015-01-13,51198106.0
2015-01-14,79330845.0
2015-01-15,79330845.0
2015-01-16,56039500.0
2015-01-17,56039500.0
2015-01-18,32155910.0
2015-01-19,32155910.0
2015-01-20,39491841.0
2015-01-21,39491841.0
2015-01-22,60557888.0
2015-01-23,60557888.0
2015-01-24,47652537.0
2015-01-25,47652537.0
2015-01-26,96483300.0
2015-01-27,96483300.0
2015-01-28,41878308.0
2015-01-29,41878308.0
2015-01-30,44384842.0
2015-01-31,44384842.0
2015-02-01,35646882.0
2015-02-02,35646882.0
2015-02-03,50503768.0
2015-02-04,50503768.0
2015-02-05,45033515.0
2015-02-06,45033515.0
2015-02-07,36922120.0
2015-02-08,36922120.0
2015-02-09,39638684.0
2015-02-10,39638684.0
2015-02-11,43264785.0
2015-02-12,43264785.0
2015-02-13,56852658.0
2015-02-14,56852658.0
2015-02-15,41125612.0
2015-02-16,41125612.0
2015-02-17,36916500.0
2015-02-18,36916500.0
2015-02-19,42918722.0
2015-02-20,42918722.0
2015-02-21,38746758.0
2015-02-22,38746758.0
2015-02-23,32388687.0
2015-02-24,32388687.0
2015-02-25,42974777.0
2015-02-26,42974777.0
2015-02-27,55733310.0
2015-02-28,55733310.0
2015-03-01,27354714.0
2015-03-02,27354714.0
2015-03-03,65278663.0
2015-03-04,65278663.0
2015-03-05,56279040.0
2015-03-06,56279040.0
2015-03-07,56271451.0
2015-03-08,56271451.0
2015-03-09,48021598.0
2015-03-10,48021598.0
2015-03-11,71892311.0
2015-03-12,71892311.0
2015-03-13,55555889.0
2015-03-14,55555889.0
2015-03-15,25077189.0
2015-03-16,25077189.0
2015-03-17,47546831.0
2015-03-18,47546831.0
2015-03-19,60394974.0
2015-03-20,60394974.0
2015-03-21,35086759.0
2015-03-22,35086759.0
2015-03-23,46687559.0
2015-03-24,46687559.0
2015-03-25,55501612.0
2015-03-26,55501612.0
2015-03-27,56541941.0
2015-03-28,56541941.0
2015-03-29,31101436.0
2015-03-30,31101436.0
2015-03-31,42318994.0
2015-04-01,42318994.0
2015-04-02,53544855.0
2015-04-03,53544855.0
2015-04-04,28479112.0
2015-04-05,28479112.0
2015-04-06,28323536.0
2015-04-07,28323536.0
2015-04-08,51341612.0
2015-04-09,51341612.0
2015-04-10,41603422.0
2015-04-11,41603422.0
2015-04-12,26875906.0
2015-04-13,26875906.0
2015-04-14,56332209.0
2015-04-15,56332209.0
2015-04-16,41323958.0
2015-04-17,41323958.0
2015-04-18,36745887.0
2015-04-19,36745887.0
2015-04-20,41368777.0
2015-04-21,41368777.0
2015-04-22,49525610.0
2015-04-23,49525610.0
2015-04-24,42464891.0
2015-04-25,42464891.0
2015-04-26,35461638.0
2015-04-27,35461638.0
2015-04-28,48618543.0
2015-04-29,48618543.0
2015-04-30,46176646.0
2015-05-01,46176646.0
2015-05-02,32343624.0
2015-05-03,32343624.0
2015-05-04,38384611.0
2015-05-05,38384611.0
2015-05-06,43095033.0
2015-05-07,43095033.0
2015-05-08,48016735.0
2015-05-09,48016735.0
2015-05-10,28904386.0
2015-05-11,28904386.0
2015-05-12,49854247.0
2015-05-13,49854247.0
2015-05-14,44447621.0
2015-05-15,44447621.0
2015-05-16,27542351.0
2015-05-17,27542351.0
2015-05-18,36923749.0
2015-05-19,36923749.0
2015-05-20,44881421.0
2015-05-21,44881421.0
2015-05-22,53003651.0
2015-05-23,53003651.0
2015-05-24,25354803.0
2015-05-25,25354803.0
2015-05-26,40991325.0
2015-05-27,40991325.0
2015-05-28,45553743.0
2015-05-29,45553743.0
2015-05-30,42404093.0
2015-05-31,42404093.0
2015-06-01,54061315.0
2015-06-02,54061315.0
2015-06-03,51342887.0
2015-06-04,51342887.0
2015-06-05,51106434.0
2015-06-06,51106434.0
2015-06-07,33394451.0
2015-06-08,33394451.0
2015-06-09,53013732.0
2015-06-10,53013732.0
2015-06-11,57014257.0
2015-06-12,57014257.0
2015-06-13,41248314.0
2015-06-14,41248314.0
2015-06-15,48435031.0
2015-06-16,48435031.0
2015-06-17,87181576.0
2015-06-18,87181576.0
2015-06-19,104131527.0
2015-06-20,104131527.0
2015-06-21,30222339.0
2015-06-22,30222339.0
2015-06-23,54585787.0
2015-06-24,54585787.0
2015-06-25,48103894.0
2015-06-26,48103894.0
2015-06-27,43795621.0
2015-06-28,43795621.0
2015-06-29,58060302.0
2015-06-30,58060302.0
2015-07-01,61661136.0
2015-07-02,61661136.0
2015-07-03,62173772.0
2015-07-04,62173772.0
2015-07-05,59595969.0
2015-07-06,59595969.0
2015-07-07,84736311.0
2015-07-08,84736311.0
2015-07-09,65311331.0
2015-07-10,65311331.0
2015-07-11,67172689.0
2015-07-12,67172689.0
2015-07-13,67272969.0
2015-07-14,67272969.0
2015-07-15,61601890.0
2015-07-16,61601890.0
2015-07-17,59778318.0
2015-07-18,59778318.0
2015-07-19,32334590.0
2015-07-20,32334590.0
2015-07-21,58457812.0
2015-07-22,58457812.0
2015-07-23,56501264.0
2015-07-24,56501264.0
2015-07-25,55741425.0
2015-07-26,55741425.0
2015-07-27,51172701.0
2015-07-28,51172701.0
2015-07-29,58218216.0
2015-07-30,58218216.0
2015-07-31,59564971.0
2015-08-01,59564971.0
2015-08-02,47657290.0
2015-08-03,47657290.0
2015-08-04,60197462.0
2015-08-05,60197462.0
2015-08-06,53340726.0
2015-08-07,53340726.0
2015-08-08,67351785.0
2015-08-09,67351785.0
2015-08-10,93522987.0
2015-08-11,93522987.0
2015-08-12,68147769.0
2015-08-13,68147769.0
2015-08-14,71276048.0
2015-08-15,71276048.0
2015-08-16,55579679.0
2015-08-17,55579679.0
2015-08-18,90618565.0
2015-08-19,90618565.0
2015-08-20,83122435.0
2015-08-21,83122435.0
2015-08-22,60251864.0
2015-08-23,60251864.0
2015-08-24,93056448.0
2015-08-25,93056448.0
2015-08-26,86427540.0
2015-08-27,86427540.0
2015-08-28,76610058.0
2015-08-29,76610058.0
2015-08-30,39950881.0
2015-08-31,39950881.0
2015-09-01,84204525.0
2015-09-02,84204525.0
2015-09-03,58224697.0
2015-09-04,58224697.0
2015-09-05,46221429.0
2015-09-06,46221429.0
2015-09-07,53100171.0
2015-09-08,53100171.0
2015-09-09,75625367.0
2015-09-10,75625367.0
2015-09-11,61956502.0
2015-09-12,61956502.0
2015-09-13,41946773.0
2015-09-14,41946773.0
2015-09-15,58032972.0
2015-09-16,58032972.0
2015-09-17,64611517.0
2015-09-18,64611517.0
2015-09-19,62502611.0
2015-09-20,62502611.0
2015-09-21,76311891.0
2015-09-22,76311891.0
2015-09-23,64070252.0
2015-09-24,64070252.0
2015-09-25,74253335.0
2015-09-26,74253335.0
2015-09-27,35851772.0
2015-09-28,35851772.0
2015-09-29,73949342.0
2015-09-30,73949342.0
2015-10-01,66783456.0
2015-10-02,66783456.0
2015-10-03,50721843.0
2015-10-04,50721843.0
2015-10-05,54579155.0
2015-10-06,54579155.0
2015-10-07,77926003.0
2015-10-08,77926003.0
2015-10-09,73817327.0
2015-10-10,73817327.0
2015-10-11,40021301.0
2015-10-12,40021301.0
2015-10-13,72717263.0
2015-10-14,72717263.0
2015-10-15,93268450.0
2015-10-16,93268450.0
2015-10-17,94336338.0
2015-10-18,94336338.0
2015-10-19,79757425.0
2015-10-20,79757425.0
2015-10-21,84130269.0
2015-10-22,84130269.0
2015-10-23,82728670.0
2015-10-24,82728670.0
2015-10-25,92380642.0
2015-10-26,92380642.0
2015-10-27,109466158.0
2015-10-28,109466158.0
2015-10-29,149071857.0
2015-10-30,149071857.0
2015-10-31,121977590.0
2015-11-01,121977590.0
2015-11-02,157289900.0
2015-11-03,157289900.0
2015-11-04,335396983.0
2015-11-05,335396983.0
2015-11-06,215916541.0
2015-11-07,215916541.0
2015-11-08,126005472.0
2015-11-09,126005472.0
2015-11-10,156434921.0
2015-11-11,156434921.0
2015-11-12,169188929.0
2015-11-13,169188929.0
2015-11-14,139059749.0
2015-11-15,139059749.0
2015-11-16,138934071.0
2015-11-17,138934071.0
2015-11-18,148663615.0
2015-11-19,148663615.0
2015-11-20,117210976.0
2015-11-21,117210976.0
2015-11-22,75147447.0
2015-11-23,75147447.0
2015-11-24,91364433.0
2015-11-25,91364433.0
2015-11-26,156934988.0
2015-11-27,156934988.0
2015-11-28,110478101.0
2015-11-29,110478101.0
2015-11-30,149526592.0
2015-12-01,149526592.0
2015-12-02,179126440.0
2015-12-03,179126440.0
2015-12-04,125600042.0
2015-12-05,125600042.0
2015-12-06,204388399.0
2015-12-07,204388399.0
2015-12-08,169230099.0
2015-12-09,169230099.0
2015-12-10,188140441.0
2015-12-11,188140441.0
2015-12-12,181266304.0
2015-12-13,181266304.0
2015-12-14,180001345.0
2015-12-15,180001345.0
2015-12-16,196572300.0
2015-12-17,196572300.0
2015-12-18,181706820.0
2015-12-19,181706820.0
2015-12-20,137599935.0
2015-12-21,137599935.0
2015-12-22,204851463.0
2015-12-23,204851463.0
2015-12-24,188405318.0
2015-12-25,188405318.0
2015-12-26,130951953.0
2015-12-27,130951953.0
2015-12-28,105765156.0
2015-12-29,105765156.0
2015-12-30,99926963.0
2015-12-31,99926963.0
2016-01-01,56110092.0
2016-01-02,56110092.0
2016-01-03,51825525.0
2016-01-04,51825525.0
2016-01-05,90298235.0
2016-01-06,90298235.0
2016-01-07,127522745.0
2016-01-08,127522745.0
2016-01-09,70372025.0
2016-01-10,70372025.0
2016-01-11,106830047.0
2016-01-12,106830047.0
2016-01-13,107417819.0
2016-01-14,107417819.0
2016-01-15,127558283.0
2016-01-16,127558283.0
2016-01-17,69422433.0
2016-01-18,69422433.0
2016-01-19,86289615.0
2016-01-20,86289615.0
2016-01-21,135289667.0
2016-01-22,135289667.0
2016-01-23,109228485.0
2016-01-24,109228485.0
2016-01-25,179714636.0
2016-01-26,179714636.0
2016-01-27,134666967.0
2016-01-28,134666967.0
2016-01-29,147102840.0
2016-01-30,147102840.0
2016-01-31,76182517.0
2016-02-01,76182517.0
2016-02-02,144577638.0
2016-02-03,144577638.0
2016-02-04,121094475.0
2016-02-05,121094475.0
2016-02-06,120896315.0
2016-02-07,120896315.0
2016-02-08,93311393.0
2016-02-09,93311393.0
2016-02-10,129887155.0
2016-02-11,129887155.0
2016-02-12,118457185.0
2016-02-13,118457185.0
2016-02-14,104891981.0
2016-02-15,104891981.0
2016-02-16,150215514.0
2016-02-17,150215514.0
2016-02-18,150820601.0
2016-02-19,150820601.0
2016-02-20,151924621.0
2016-02-21,151924621.0
2016-02-22,142238677.0
2016-02-23,142238677.0
2016-02-24,140056077.0
2016-02-25,140056077.0
2016-02-26,142870420.0
2016-02-27,142870420.0
2016-02-28,146428747.0
2016-02-29,146428747.0
2016-03-01,222905346.0
2016-03-02,222905346.0
2016-03-03,216563283.0
2016-03-04,216563283.0
2016-03-05,200160841.0
2016-03-06,200160841.0
2016-03-07,127840873.0
2016-03-08,127840873.0
2016-03-09,114428780.0
2016-03-10,114428780.0
2016-03-11,137839767.0
2016-03-12,137839767.0
2016-03-13,70582774.0
2016-03-14,70582774.0
2016-03-15,117684224.0
2016-03-16,117684224.0
2016-03-17,115249577.0
2016-03-18,115249577.0
2016-03-19,92984532.0
2016-03-20,92984532.0
2016-03-21,95667032.0
2016-03-22,95667032.0
2016-03-23,111018758.0
2016-03-24,111018758.0
2016-03-25,132338613.0
2016-03-26,132338613.0
2016-03-27,115335330.0
2016-03-28,115335330.0
2016-03-29,117297491.0
2016-03-30,117297491.0
2016-03-31,122664433.0
2016-04-01,122664433.0
2016-04-02,96731087.0
2016-04-03,96731087.0
2016-04-04,111607536.0
2016-04-05,111607536.0
2016-04-06,151503740.0
2016-04-07,151503740.0
2016-04-08,123583371.0
2016-04-09,123583371.0
2016-04-10,84161958.0
2016-04-11,84161958.0
2016-04-12,145387002.0
2016-04-13,145387002.0
2016-04-14,116332488.0
2016-04-15,116332488.0
2016-04-16,86155565.0
2016-04-17,86155565.0
2016-04-18,104817236.0
2016-04-19,104817236.0
2016-04-20,138381943.02965483
2016-04-21,138381943.02965483
2016-04-22,147227705.48590976
2016-04-23,147227705.48590976
2016-04-24,110486293.17418824
2016-04-25,110486293.17418824
2016-04-26,170332016.49588114
2016-04-27,170332016.49588114
2016-04-28,171720826.01454148
2016-04-29,171720826.01454148
2016-04-30,121654247.29153168
2016-05-01,121654247.29153168
2016-05-02,143257803.9312688
2016-05-03,143257803.9312688
2016-05-04,193746215.11789757
2016-05-05,193746215.11789757
2016-05-06,150104442.86597055
2016-05-07,150104442.86597055
2016-05-08,72466700.77189721
2016-05-09,72466700.77189721
2016-05-10,153374229.55212748
2016-05-11,153374229.55212748
2016-05-12,158093082.94074652
2016-05-13,158093082.94074652
2016-05-14,103526313.04740864
2016-05-15,103526313.04740864
2016-05-16,138501762.6317291
2016-05-17,138501762.6317291
2016-05-18,156226625.2894028
2016-05-19,156226625.2894028
2016-05-20,155269360.7772536
2016-05-21,155269360.7772536
2016-05-22,84832969.486587
2016-05-23,84832969.486587
2016-05-24,147616919.96989912
2016-05-25,147616919.96989912
2016-05-26,166731059.54562974
2016-05-27,166731059.54562974
2016-05-28,259939042.62251025
2016-05-29,259939042.62251025
2016-05-30,232301687.26761568
2016-05-31,232301687.26761568
2016-06-01,194100011.17038545
2016-06-02,194100011.17038545
2016-06-03,162425728.92108902
2016-06-04,162425728.92108902
2016-06-05,139945580.81341556
2016-06-06,139945580.81341556
2016-06-07,207725690.12294623
2016-06-08,207725690.12294623
2016-06-09,211910903.35435247
2016-06-10,211910903.35435247
2016-06-11,164458159.28613195
2016-06-12,164458159.28613195
2016-06-13,193653353.33565792
2016-06-14,193653353.33565792
2016-06-15,233609444.62112358
2016-06-16,233609444.62112358
2016-06-17,311140005.1786834
2016-06-18,311140005.1786834
2016-06-19,154471559.65620866
2016-06-20,154471559.65620866
2016-06-21,314077556.88709265
2016-06-22,314077556.88709265
2016-06-23,304840842.49232954
2016-06-24,304840842.49232954
2016-06-25,155484784.10615084
2016-06-26,155484784.10615084
2016-06-27,205564516.7453082
2016-06-28,205564516.7453082
2016-06-29,199609619.18859392
2016-06-30,199609619.18859392
2016-07-01,195860775.88872543
2016-07-02,195860775.88872543
2016-07-03,152391217.72455353
2016-07-04,152391217.72455353
2016-07-05,195754949.85867125
2016-07-06,195754949.85867125
2016-07-07,211036735.596265
2016-07-08,211036735.596265
2016-07-09,141090463.3117963
2016-07-10,141090463.3117963
2016-07-11,166782085.80957863
2016-07-12,166782085.80957863
2016-07-13,187860897.96380928
2016-07-14,187860897.96380928
2016-07-15,187503475.3019157
2016-07-16,187503475.3019157
2016-07-17,161580178.988595
2016-07-18,161580178.988595
2016-07-19,237841255.86478415
2016-07-20,237841255.86478415
2016-07-21,139216838.44441956
2016-07-22,139216838.44441956
2016-07-23,114656292.03782137
2016-07-24,114656292.03782137
2016-07-25,136159538.33465058
2016-07-26,136159538.33465058
2016-07-27,169779142.340089
2016-07-28,169779142.340089
2016-07-29,149891245.79283983
2016-07-30,149891245.79283983
2016-07-31,146181270.06908402
2016-08-01,146181270.06908402
2016-08-02,319085008.11157846
2016-08-03,319085008.11157846
2016-08-04,209474938.50131387
2016-08-05,209474938.50131387
2016-08-06,117085456.2670786
2016-08-07,117085456.2670786
2016-08-08,141320109.9602105
2016-08-09,141320109.9602105
2016-08-10,174776758.71881926
2016-08-11,174776758.71881926
2016-08-12,151428140.37777615
2016-08-13,151428140.37777615
2016-08-14,116178765.88793118
2016-08-15,116178765.88793118
2016-08-16,182623774.48484543
2016-08-17,182623774.48484543
2016-08-18,141677829.95500585
2016-08-19,141677829.95500585
2016-08-20,113672352.7991274
2016-08-21,113672352.7991274
2016-08-22,146968577.61160225
2016-08-23,146968577.61160225
2016-08-24,157159537.19375718
2016-08-25,157159537.19375718
2016-08-26,123955382.3141936
2016-08-27,123955382.3141936
2016-08-28,82377528.3051381
2016-08-29,82377528.3051381
2016-08-30,153077158.68541482
2016-08-31,153077158.68541482
2016-09-01,160610637.81533632
2016-09-02,160610637.81533632
2016-09-03,106852789.61609332
2016-09-04,106852789.61609332
2016-09-05,159238902.64244667
2016-09-06,159238902.64244667
2016-09-07,143426494.41779086
2016-09-08,143426494.41779086
2016-09-09,149137276.18517926
2016-09-10,149137276.18517926
2016-09-11,99918473.18500422
2016-09-12,99918473.18500422
2016-09-13,145930431.2299077
2016-09-14,145930431.2299077
2016-09-15,123313922.94600141
2016-09-16,123313922.94600141
2016-09-17,92793982.26654276
2016-09-18,92793982.26654276
2016-09-19,134760154.40391913
2016-09-20,134760154.40391913
2016-09-21,152507128.5219966
2016-09-22,152507128.5219966
2016-09-23,144015257.49824664
2016-09-24,144015257.49824664
2016-09-25,153681855.53367305
2016-09-26,153681855.53367305
2016-09-27,147525117.76990715
2016-09-28,147525117.76990715
2016-09-29,154115925.8291054
2016-09-30,154115925.8291054
2016-10-01,103778194.30568588
2016-10-02,103778194.30568588
2016-10-03,153303975.3040393
2016-10-04,153303975.3040393
2016-10-05,149242509.55837503
2016-10-06,149242509.55837503
2016-10-07,143894359.71107098
2016-10-08,143894359.71107098
2016-10-09,118494680.52919328
2016-10-10,118494680.52919328
2016-10-11,194960089.5350117
2016-10-12,194960089.5350117
2016-10-13,165694238.83293033
2016-10-14,165694238.83293033
2016-10-15,129633563.74799488
2016-10-16,129633563.74799488
2016-10-17,162800543.73547855
2016-10-18,162800543.73547855
2016-10-19,154515407.86195335
2016-10-20,154515407.86195335
2016-10-21,158295045.01353458
2016-10-22,158295045.01353458
2016-10-23,104494840.84512477
2016-10-24,104494840.84512477
2016-10-25,195708742.53038967
2016-10-26,195708742.53038967
2016-10-27,283234072.63190764
2016-10-28,283234072.63190764
2016-10-29,167480078.00604573
2016-10-30,167480078.00604573
2016-10-31,207351752.6943417
2016-11-01,207351752.6943417
2016-11-02,169116165.31862363
2016-11-03,169116165.31862363
2016-11-04,198460199.8716817
2016-11-05,198460199.8716817
2016-11-06,169183042.94421074
2016-11-07,169183042.94421074
2016-11-08,209569075.1264189
2016-11-09,209569075.1264189
2016-11-10,187613065.98340985
2016-11-11,187613065.98340985
2016-11-12,119400679.08971728
2016-11-13,119400679.08971728
2016-11-14,168532361.93566313
2016-11-15,168532361.93566313
2016-11-16,270653443.72099483
2016-11-17,270653443.72099483
2016-11-18,198644445.34491563
2016-11-19,198644445.34491563
2016-11-20,128523869.4949648
2016-11-21,128523869.4949648
2016-11-22,223163107.1619732
2016-11-23,223163107.1619732
2016-11-24,252699561.02646148
2016-11-25,252699561.02646148
2016-11-26,183108641.96144056
2016-11-27,183108641.96144056
2016-11-28,198614920.7941235
2016-11-29,198614920.7941235
2016-11-30,204169344.00155303
2016-12-01,204169344.00155303
2016-12-02,230344673.8832001
2016-12-03,230344673.8832001
2016-12-04,100618181.33235948
2016-12-05,100618181.33235948
2016-12-06,219286012.91950884
2016-12-07,219286012.91950884
2016-12-08,217843730.62685955
2016-12-09,217843730.62685955
2016-12-10,149402091.27024284
2016-12-11,149402091.27024284
2016-12-12,214657678.01839063
2016-12-13,214657678.01839063
2016-12-14,211719980.7734745
2016-12-15,211719980.7734745
2016-12-16,240778360.04672283
2016-12-17,240778360.04672283
2016-12-18,155830419.3426634
2016-12-19,155830419.3426634
2016-12-20,245012593.47154224
2016-12-21,245012593.47154224
2016-12-22,331099339.956595
2016-12-23,331099339.956595
2016-12-24,200327041.12922052
2016-12-25,200327041.12922052
2016-12-26,243946016.48971733
2016-12-27,243946016.48971733
2016-12-28,326666676.589496
2016-12-29,326666676.589496
2016-12-30,316213793.61702514
2016-12-31,316213793.61702514
2017-01-01,170736309.72805017
2017-01-02,170736309.72805017
2017-01-03,340688236.30729365
2017-01-04,340688236.30729365
2017-01-05,524577602.0814732
2017-01-06,524577602.0814732
2017-01-07,310258543.03984666
2017-01-08,310258543.03984666
2017-01-09,267769180.272303
2017-01-10,267769180.272303
2017-01-11,389299060.467785
2017-01-12,389299060.467785
2017-01-13,256962364.99101567
2017-01-14,256962364.99101567
2017-01-15,159034173.05097103
2017-01-16,159034173.05097103
2017-01-17,292157921.60773396
2017-01-18,292157921.60773396
2017-01-19,234505943.28577545
2017-01-20,234505943.28577545
2017-01-21,206063844.4953836
2017-01-22,206063844.4953836
2017-01-23,198400469.237764
2017-01-24,198400469.237764
2017-01-25,271755757.07840174
2017-01-26,271755757.07840174
2017-01-27,172944033.54642877
2017-01-28,172944033.54642877
2017-01-29,130997412.19231722
2017-01-30,130997412.19231722
2017-01-31,219553619.75286385
2017-02-01,219553619.75286385
2017-02-02,208080409.7975085
2017-02-03,208080409.7975085
2017-02-04,219852279.3345032
2017-02-05,219852279.3345032
2017-02-06,218667131.4358756
2017-02-07,218667131.4358756
2017-02-08,268446935.56400603
2017-02-09,268446935.56400603
2017-02-10,295832936.5156964
2017-02-11,295832936.5156964
2017-02-12,116833030.14237297
2017-02-13,116833030.14237297
2017-02-14,230076645.4590224
2017-02-15,230076645.4590224
2017-02-16,216881376.3029261
2017-02-17,216881376.3029261
2017-02-18,177697930.51843956
2017-02-19,177697930.51843956
2017-02-20,194658608.62416732
2017-02-21,194658608.62416732
2017-02-22,223493550.8302082
2017-02-23,223493550.8302082
2017-02-24,377500126.8500837
2017-02-25,377500126.8500837
2017-02-26,199679377.83795965
2017-02-27,199679377.83795965
2017-02-28,254779003.3135104
2017-03-01,254779003.3135104
2017-03-02,434381700.80609137
2017-03-03,434381700.80609137
2017-03-04,257999763.7167398
2017-03-05,257999763.7167398
2017-03-06,292399611.7639107
2017-03-07,292399611.7639107
2017-03-08,301922502.86388665
2017-03-09,301922502.86388665
2017-03-10,300514966.41367173
2017-03-11,300514966.41367173
2017-03-12,213603425.36240157
2017-03-13,213603425.36240157
2017-03-14,340925457.2986973
2017-03-15,340925457.2986973
2017-03-16,498470434.73062754
2017-03-17,498470434.73062754
2017-03-18,358857764.2565912
2017-03-19,358857764.2565912
2017-03-20,302711967.00069255
2017-03-21,302711967.00069255
2017-03-22,378214892.3745552
2017-03-23,378214892.3745552
2017-03-24,393959388.23827785
2017-03-25,393959388.23827785
2017-03-26,225668754.00046358
2017-03-27,225668754.00046358
2017-03-28,427464477.24102
2017-03-29,427464477.24102
2017-03-30,338050783.41292965
2017-03-31,338050783.41292965
2017-04-01,275462685.0907609
2017-04-02,275462685.0907609
2017-04-03,352832392.70903724
2017-04-04,352832392.70903724
2017-04-05,366491387.360761
2017-04-06,366491387.360761
2017-04-07,387791486.37193364
2017-04-08,387791486.37193364
2017-04-09,221823326.33347496
2017-04-10,221823326.33347496
2017-04-11,356178072.3882292
2017-04-12,356178072.3882292
2017-04-13,295378008.2258598
2017-04-14,295378008.2258598
2017-04-15,277386308.8604482
2017-04-16,277386308.8604482
2017-04-17,350736258.00866205
2017-04-18,350736258.00866205
2017-04-19,318007414.47879595
2017-04-20,318007414.47879595
2017-04-21,343765582.74913234
2017-04-22,343765582.74913234
2017-04-23,216214543.249806
2017-04-24,216214543.249806
2017-04-25,392344255.7174933
2017-04-26,392344255.7174933
2017-04-27,403324576.01284504
2017-04-28,403324576.01284504
2017-04-29,358298055.71094114
2017-04-30,358298055.71094114
2017-05-01,442436010.50857353
2017-05-02,442436010.50857353
2017-05-03,478643852.40137583
2017-05-04,478643852.40137583
2017-05-05,572492738.2915376
2017-05-06,572492738.2915376
2017-05-07,425425969.14028525
2017-05-08,425425969.14028525
2017-05-09,761394965.372412
2017-05-10,761394965.372412
2017-05-11,663588561.0741874
2017-05-12,663588561.0741874
2017-05-13,444311275.6910667
2017-05-14,444311275.6910667
2017-05-15,691417744.0772773
2017-05-16,691417744.0772773
2017-05-17,937290192.5778947
2017-05-18,937290192.5778947
2017-05-19,858596952.4902871
2017-05-20,858596952.4902871
2017-05-21,545513367.8802049
2017-05-22,545513367.8802049
2017-05-23,1026598216.6690824
2017-05-24,1026598216.6690824
2017-05-25,1209302552.2768192
2017-05-26,1209302552.2768192
2017-05-27,646375171.1244526
2017-05-28,646375171.1244526
2017-05-29,574153810.8480407
2017-05-30,574153810.8480407
2017-05-31,853819146.3808602
2017-06-01,853819146.3808602
2017-06-02,726398967.4852357
2017-06-03,726398967.4852357
2017-06-04,627567197.3942982
2017-06-05,627567197.3942982
2017-06-06,886338620.2952278
2017-06-07,886338620.2952278
2017-06-08,810352769.0045183
2017-06-09,810352769.0045183
2017-06-10,671075205.2450426
2017-06-11,671075205.2450426
2017-06-12,839906528.5138986
2017-06-13,839906528.5138986
2017-06-14,753304915.3769174
2017-06-15,753304915.3769174
2017-06-16,624436119.9698714
2017-06-17,624436119.9698714
2017-06-18,522791407.9265004
2017-06-19,522791407.9265004
2017-06-20,712285162.4027885
2017-06-21,712285162.4027885
2017-06-22,692310514.8913088
2017-06-23,692310514.8913088
2017-06-24,415023200.2911672
2017-06-25,415023200.2911672
2017-06-26,694801740.2655957
2017-06-27,694801740.2655957
2017-06-28,723115848.4326982
2017-06-29,723115848.4326982
2017-06-30,751359279.4975027
2017-07-01,751359279.4975027
2017-07-02,471702116.7852093
2017-07-03,471702116.7852093
2017-07-04,568885136.2934088
2017-07-05,568885136.2934088
2017-07-06,538505332.2174941
2017-07-07,538505332.2174941
2017-07-08,558655116.2596487
2017-07-09,558655116.2596487
2017-07-10,686994894.8798525
2017-07-11,686994894.8798525
2017-07-12,568381379.6042322
2017-07-13,568381379.6042322
2017-07-14,486550966.1712029
2017-07-15,486550966.1712029
2017-07-16,461314550.09456086
2017-07-17,461314550.09456086
2017-07-18,619790724.7574261
2017-07-19,619790724.7574261
2017-07-20,755326162.6527942
2017-07-21,755326162.6527942
2017-07-22,498204137.65635633
2017-07-23,498204137.65635633
2017-07-24,552414399.1383064
2017-07-25,552414399.1383064
2017-07-26,676202732.8508737
2017-07-27,676202732.8508737
2017-07-28,1328334473.746265
2017-07-29,1328334473.746265
2017-07-30,1121219506.5610485
2017-07-31,1121219506.5610485
2017-08-01,1369195845.96077
2017-08-02,1369195845.96077
2017-08-03,970956325.8441828
2017-08-04,970956325.8441828
2017-08-05,983755829.8746344
2017-08-06,983755829.8746344
2017-08-07,1385571339.143034
2017-08-08,1385571339.143034
2017-08-09,807119553.20315
2017-08-10,807119553.20315
2017-08-11,991542730.4228752
2017-08-12,991542730.4228752
2017-08-13,926444961.9565744
2017-08-14,926444961.9565744
2017-08-15,1206087776.3574073
2017-08-16,1206087776.3574073
2017-08-17,1318331836.483472
2017-08-18,1318331836.483472
2017-08-19,1323689299.8684769
2017-08-20,1323689299.8684769
2017-08-21,819457187.4881103
2017-08-22,819457187.4881103
2017-08-23,1059426386.839234
2017-08-24,1059426386.839234
2017-08-25,765174341.3959026
2017-08-26,765174341.3959026
2017-08-27,781459739.10363
2017-08-28,781459739.10363
2017-08-29,1144825472.108911
2017-08-30,1144825472.108911
2017-08-31,1192190047.0720818
2017-09-01,1192190047.0720818
2017-09-02,918257379.5479617
2017-09-03,918257379.5479617
2017-09-04,1422579714.8570426
2017-09-05,1422579714.8570426
2017-09-06,1347017552.0214765
2017-09-07,1347017552.0214765
2017-09-08,1024260564.1263994
2017-09-09,1024260564.1263994
2017-09-10,875474655.9534281
2017-09-11,875474655.9534281
2017-09-12,906438524.0813713
2017-09-13,906438524.0813713
2017-09-14,889710944.008651
2017-09-15,889710944.008651
2017-09-16,753316071.8132362
2017-09-17,753316071.8132362
2017-09-18,838578661.7089372
2017-09-19,838578661.7089372
2017-09-20,736406709.8247888
2017-09-21,736406709.8247888
2017-09-22,723462621.6503669
2017-09-23,723462621.6503669
2017-09-24,359612295.3794406
2017-09-25,359612295.3794406
2017-09-26,774208152.9912612
2017-09-27,774208152.9912612
2017-09-28,841302338.5628892
2017-09-29,841302338.5628892
2017-09-30,663214577.8754754
2017-10-01,663214577.8754754
2017-10-02,848062737.1766696
2017-10-03,848062737.1766696
2017-10-04,591746166.8150624
2017-10-05,591746166.8150624
2017-10-06,714231923.3015436
2017-10-07,714231923.3015436
2017-10-08,676195487.4803518
2017-10-09,676195487.4803518
2017-10-10,1174146928.6111064
2017-10-11,1174146928.6111064
2017-10-12,1107300179.9945877
2017-10-13,1107300179.9945877
2017-10-14,1023554358.7032052
2017-10-15,1023554358.7032052
2017-10-16,1149273838.9302495
2017-10-17,1149273838.9302495
2017-10-18,1395865356.3145823
2017-10-19,1395865356.3145823
2017-10-20,1118742453.8259008
2017-10-21,1118742453.8259008
2017-10-22,1006861960.4571172
2017-10-23,1006861960.4571172
2017-10-24,2102862590.159737
2017-10-25,2102862590.159737
2017-10-26,1970506447.2919593
2017-10-27,1970506447.2919593
2017-10-28,645113300.5501609
2017-10-29,645113300.5501609
2017-10-30,1681454664.1607616
2017-10-31,1681454664.1607616
2017-11-01,1269855999.9227078
2017-11-02,1269855999.9227078
2017-11-03,1672135010.0887766
2017-11-04,1672135010.0887766
2017-11-05,1309726635.2080295
2017-11-06,1309726635.2080295
2017-11-07,1826009240.699988
2017-11-08,1826009240.699988
2017-11-09,2267000254.327105
2017-11-10,2267000254.327105
2017-11-11,1344145630.4237561
2017-11-12,1344145630.4237561
2017-11-13,2115296495.8156848
2017-11-14,2115296495.8156848
2017-11-15,2324329725.3639817
2017-11-16,2324329725.3639817
2017-11-17,2803405660.0071397
2017-11-18,2803405660.0071397
2017-11-19,1610358777.8716562
2017-11-20,1610358777.8716562
2017-11-21,2546719238.29304
2017-11-22,2546719238.29304
2017-11-23,2455560232.7571115
2017-11-24,2455560232.7571115
2017-11-25,2368622335.772957
2017-11-26,2368622335.772957
2017-11-27,3413320841.861484
2017-11-28,3413320841.861484
2017-11-29,3966055569.859264
2017-11-30,3966055569.859264
2017-12-01,2679696382.877805
2017-12-02,2679696382.877805
2017-12-03,2019481499.029924
2017-12-04,2019481499.029924
2017-12-05,2667850402.160009
2017-12-06,2667850402.160009
2017-12-07,5615762340.673314
2017-12-08,5615762340.673314
2017-12-09,3891389970.160853
2017-12-10,3891389970.160853
2017-12-11,4271582103.697328
2017-12-12,4271582103.697328
2017-12-13,4658395921.1318655
2017-12-14,4658395921.1318655
2017-12-15,4213976777.532528
2017-12-16,4213976777.532528
2017-12-17,5065451796.192873
2017-12-18,5065451796.192873
2017-12-19,3771403823.796258
2017-12-20,3771403823.796258
2017-12-21,3660301618.007432
2017-12-22,3660301618.007432
2017-12-23,2465336231.0440803
2017-12-24,2465336231.0440803
2017-12-25,2519602087.6167035
2017-12-26,2519602087.6167035
2017-12-27,4694566031.243938
2017-12-28,4694566031.243938
2017-12-29,3682930089.233883
2017-12-30,3682930089.233883
2017-12-31,3322403204.557184
2018-01-01,3322403204.557184
2018-01-02,3526212014.8420205
2018-01-03,3526212014.8420205
2018-01-04,4053543883.551839
2018-01-05,4053543883.551839
2018-01-06,3932860281.582775
2018-01-07,3932860281.582775
2018-01-08,4040000007.9180045
2018-01-09,4040000007.9180045
2018-01-10,3931428179.007021
2018-01-11,3931428179.007021
2018-01-12,3261904629.746426
2018-01-13,3261904629.746426
2018-01-14,2678410640.0442014
2018-01-15,2678410640.0442014
2018-01-16,3021888568.475418
2018-01-17,3021888568.475418
2018-01-18,2711507318.126941
2018-01-19,2711507318.126941
2018-01-20,2694792832.29181
2018-01-21,2694792832.29181
2018-01-22,2099490615.8209321
2018-01-23,2099490615.8209321
2018-01-24,2100547353.6453602
2018-01-25,2100547353.6453602
2018-01-26,2822337879.8219023
2018-01-27,2822337879.8219023
2018-01-28,1924759197.8275871
2018-01-29,1924759197.8275871
2018-01-30,1759355792.5878778
2018-01-31,1759355792.5878778
2018-02-01,2515366060.415819
2018-02-02,2515366060.415819
2018-02-03,1491970146.0616555
2018-02-04,1491970146.0616555
2018-02-05,1758323361.2512548
2018-02-06,1758323361.2512548
2018-02-07,1686470711.5538552
2018-02-08,1686470711.5538552
2018-02-09,1702603672.855368
2018-02-10,1702603672.855368
2018-02-11,715801285.186677
2018-02-12,715801285.186677
2018-02-13,1263264353.9001276
2018-02-14,1263264353.9001276
2018-02-15,1288852356.3792179
2018-02-16,1288852356.3792179
2018-02-17,877050948.2369673
2018-02-18,877050948.2369673
2018-02-19,1149698995.0564034
