date,usd_price
2009-01-03,0.0
2009-01-04,0.0
2009-01-05,0.0
2009-01-06,0.0
2009-01-07,0.0
2009-01-08,0.0
2009-01-09,0.0
2009-01-10,0.0
2009-01-11,0.0
2009-01-12,0.0
2009-01-13,0.0
2009-01-14,0.0
2009-01-15,0.0
2009-01-16,0.0
2009-01-17,0.0
2009-01-18,0.0
2009-01-19,0.0
2009-01-20,0.0
2009-01-21,0.0
2009-01-22,0.0
2009-01-23,0.0
2009-01-24,0.0
2009-01-25,0.0
2009-01-26,0.0
2009-01-27,0.0
2009-01-28,0.0
2009-01-29,0.0
2009-01-30,0.0
2009-01-31,0.0
2009-02-01,0.0
2009-02-02,0.0
2009-02-03,0.0
2009-02-04,0.0
2009-02-05,0.0
2009-02-06,0.0
2009-02-07,0.0
2009-02-08,0.0
2009-02-09,0.0
2009-02-10,0.0
2009-02-11,0.0
2009-02-12,0.0
2009-02-13,0.0
2009-02-14,0.0
2009-02-15,0.0
2009-02-16,0.0
2009-02-17,0.0
2009-02-18,0.0
2009-02-19,0.0
2009-02-20,0.0
2009-02-21,0.0
2009-02-22,0.0
2009-02-23,0.0
2009-02-24,0.0
2009-02-25,0.0
2009-02-26,0.0
2009-02-27,0.0
2009-02-28,0.0
2009-03-01,0.0
2009-03-02,0.0
2009-03-03,0.0
2009-03-04,0.0
2009-03-05,0.0
2009-03-06,0.0
2009-03-07,0.0
2009-03-08,0.0
2009-03-09,0.0
2009-03-10,0.0
2009-03-11,0.0
2009-03-12,0.0
2009-03-13,0.0
2009-03-14,0.0
2009-03-15,0.0
2009-03-16,0.0
2009-03-17,0.0
2009-03-18,0.0
2009-03-19,0.0
2009-03-20,0.0
2009-03-21,0.0
2009-03-22,0.0
2009-03-23,0.0
2009-03-24,0.0
2009-03-25,0.0
2009-03-26,0.0
2009-03-27,0.0
2009-03-28,0.0
2009-03-29,0.0
2009-03-30,0.0
2009-03-31,0.0
2009-04-01,0.0
2009-04-02,0.0
2009-04-03,0.0
2009-04-04,0.0
2009-04-05,0.0
2009-04-06,0.0
2009-04-07,0.0
2009-04-08,0.0
2009-04-09,0.0
2009-04-10,0.0
2009-04-11,0.0
2009-04-12,0.0
2009-04-13,0.0
2009-04-14,0.0
2009-04-15,0.0
2009-04-16,0.0
2009-04-17,0.0
2009-04-18,0.0
2009-04-19,0.0
2009-04-20,0.0
2009-04-21,0.0
2009-04-22,0.0
2009-04-23,0.0
2009-04-24,0.0
2009-04-25,0.0
2009-04-26,0.0
2009-04-27,0.0
2009-04-28,0.0
2009-04-29,0.0
2009-04-30,0.0
2009-05-01,0.0
2009-05-02,0.0
2009-05-03,0.0
2009-05-04,0.0
2009-05-05,0.0
2009-05-06,0.0
2009-05-07,0.0
2009-05-08,0.0
2009-05-09,0.0
2009-05-10,0.0
2009-05-11,0.0
2009-05-12,0.0
2009-05-13,0.0
2009-05-14,0.0
2009-05-15,0.0
2009-05-16,0.0
2009-05-17,0.0
2009-05-18,0.0
2009-05-19,0.0
2009-05-20,0.0
2009-05-21,0.0
2009-05-22,0.0
2009-05-23,0.0
2009-05-24,0.0
2009-05-25,0.0
2009-05-26,0.0
2009-05-27,0.0
2009-05-28,0.0
2009-05-29,0.0
2009-05-30,0.0
2009-05-31,0.0
2009-06-01,0.0
2009-06-02,0.0
2009-06-03,0.0
2009-06-04,0.0
2009-06-05,0.0
2009-06-06,0.0
2009-06-07,0.0
2009-06-08,0.0
2009-06-09,0.0
2009-06-10,0.0
2009-06-11,0.0
2009-06-12,0.0
2009-06-13,0.0
2009-06-14,0.0
2009-06-15,0.0
2009-06-16,0.0
2009-06-17,0.0
2009-06-18,0.0
2009-06-19,0.0
2009-06-20,0.0
2009-06-21,0.0
2009-06-22,0.0
2009-06-23,0.0
2009-06-24,0.0
2009-06-25,0.0
2009-06-26,0.0
2009-06-27,0.0
2009-06-28,0.0
2009-06-29,0.0
2009-06-30,0.0
2009-07-01,0.0
2009-07-02,0.0
2009-07-03,0.0
2009-07-04,0.0
2009-07-05,0.0
2009-07-06,0.0
2009-07-07,0.0
2009-07-08,0.0
2009-07-09,0.0
2009-07-10,0.0
2009-07-11,0.0
2009-07-12,0.0
2009-07-13,0.0
2009-07-14,0.0
2009-07-15,0.0
2009-07-16,0.0
2009-07-17,0.0
2009-07-18,0.0
2009-07-19,0.0
2009-07-20,0.0
2009-07-21,0.0
2009-07-22,0.0
2009-07-23,0.0
2009-07-24,0.0
2009-07-25,0.0
2009-07-26,0.0
2009-07-27,0.0
2009-07-28,0.0
2009-07-29,0.0
2009-07-30,0.0
2009-07-31,0.0
2009-08-01,0.0
2009-08-02,0.0
2009-08-03,0.0
2009-08-04,0.0
2009-08-05,0.0
2009-08-06,0.0
2009-08-07,0.0
2009-08-08,0.0
2009-08-09,0.0
2009-08-10,0.0
2009-08-11,0.0
2009-08-12,0.0
2009-08-13,0.0
2009-08-14,0.0
2009-08-15,0.0
2009-08-16,0.0
2009-08-17,0.0
2009-08-18,0.0
2009-08-19,0.0
2009-08-20,0.0
2009-08-21,0.0
2009-08-22,0.0
2009-08-23,0.0
2009-08-24,0.0
2009-08-25,0.0
2009-08-26,0.0
2009-08-27,0.0
2009-08-28,0.0
2009-08-29,0.0
2009-08-30,0.0
2009-08-31,0.0
2009-09-01,0.0
2009-09-02,0.0
2009-09-03,0.0
2009-09-04,0.0
2009-09-05,0.0
2009-09-06,0.0
2009-09-07,0.0
2009-09-08,0.0
2009-09-09,0.0
2009-09-10,0.0
2009-09-11,0.0
2009-09-12,0.0
2009-09-13,0.0
2009-09-14,0.0
2009-09-15,0.0
2009-09-16,0.0
2009-09-17,0.0
2009-09-18,0.0
2009-09-19,0.0
2009-09-20,0.0
2009-09-21,0.0
2009-09-22,0.0
2009-09-23,0.0
2009-09-24,0.0
2009-09-25,0.0
2009-09-26,0.0
2009-09-27,0.0
2009-09-28,0.0
2009-09-29,0.0
2009-09-30,0.0
2009-10-01,0.0
2009-10-02,0.0
2009-10-03,0.0
2009-10-04,0.0
2009-10-05,0.0
2009-10-06,0.0
2009-10-07,0.0
2009-10-08,0.0
2009-10-09,0.0
2009-10-10,0.0
2009-10-11,0.0
2009-10-12,0.0
2009-10-13,0.0
2009-10-14,0.0
2009-10-15,0.0
2009-10-16,0.0
2009-10-17,0.0
2009-10-18,0.0
2009-10-19,0.0
2009-10-20,0.0
2009-10-21,0.0
2009-10-22,0.0
2009-10-23,0.0
2009-10-24,0.0
2009-10-25,0.0
2009-10-26,0.0
2009-10-27,0.0
2009-10-28,0.0
2009-10-29,0.0
2009-10-30,0.0
2009-10-31,0.0
2009-11-01,0.0
2009-11-02,0.0
2009-11-03,0.0
2009-11-04,0.0
2009-11-05,0.0
2009-11-06,0.0
2009-11-07,0.0
2009-11-08,0.0
2009-11-09,0.0
2009-11-10,0.0
2009-11-11,0.0
2009-11-12,0.0
2009-11-13,0.0
2009-11-14,0.0
2009-11-15,0.0
2009-11-16,0.0
2009-11-17,0.0
2009-11-18,0.0
2009-11-19,0.0
2009-11-20,0.0
2009-11-21,0.0
2009-11-22,0.0
2009-11-23,0.0
2009-11-24,0.0
2009-11-25,0.0
2009-11-26,0.0
2009-11-27,0.0
2009-11-28,0.0
2009-11-29,0.0
2009-11-30,0.0
2009-12-01,0.0
2009-12-02,0.0
2009-12-03,0.0
2009-12-04,0.0
2009-12-05,0.0
2009-12-06,0.0
2009-12-07,0.0
2009-12-08,0.0
2009-12-09,0.0
2009-12-10,0.0
2009-12-11,0.0
2009-12-12,0.0
2009-12-13,0.0
2009-12-14,0.0
2009-12-15,0.0
2009-12-16,0.0
2009-12-17,0.0
2009-12-18,0.0
2009-12-19,0.0
2009-12-20,0.0
2009-12-21,0.0
2009-12-22,0.0
2009-12-23,0.0
2009-12-24,0.0
2009-12-25,0.0
2009-12-26,0.0
2009-12-27,0.0
2009-12-28,0.0
2009-12-29,0.0
2009-12-30,0.0
2009-12-31,0.0
2010-01-01,0.0
2010-01-02,0.0
2010-01-03,0.0
2010-01-04,0.0
2010-01-05,0.0
2010-01-06,0.0
2010-01-07,0.0
2010-01-08,0.0
2010-01-09,0.0
2010-01-10,0.0
2010-01-11,0.0
2010-01-12,0.0
2010-01-13,0.0
2010-01-14,0.0
2010-01-15,0.0
2010-01-16,0.0
2010-01-17,0.0
2010-01-18,0.0
2010-01-19,0.0
2010-01-20,0.0
2010-01-21,0.0
2010-01-22,0.0
2010-01-23,0.0
2010-01-24,0.0
2010-01-25,0.0
2010-01-26,0.0
2010-01-27,0.0
2010-01-28,0.0
2010-01-29,0.0
2010-01-30,0.0
2010-01-31,0.0
2010-02-01,0.0
2010-02-02,0.0
2010-02-03,0.0
2010-02-04,0.0
2010-02-05,0.0
2010-02-06,0.0
2010-02-07,0.0
2010-02-08,0.0
2010-02-09,0.0
2010-02-10,0.0
2010-02-11,0.0
2010-02-12,0.0
2010-02-13,0.0
2010-02-14,0.0
2010-02-15,0.0
2010-02-16,0.0
2010-02-17,0.0
2010-02-18,0.0
2010-02-19,0.0
2010-02-20,0.0
2010-02-21,0.0
2010-02-22,0.0
2010-02-23,0.0
2010-02-24,0.0
2010-02-25,0.0
2010-02-26,0.0
2010-02-27,0.0
2010-02-28,0.0
2010-03-01,0.0
2010-03-02,0.0
2010-03-03,0.0
2010-03-04,0.0
2010-03-05,0.0
2010-03-06,0.0
2010-03-07,0.0
2010-03-08,0.0
2010-03-09,0.0
2010-03-10,0.0
2010-03-11,0.0
2010-03-12,0.0
2010-03-13,0.0
2010-03-14,0.0
2010-03-15,0.0
2010-03-16,0.0
2010-03-17,0.0
2010-03-18,0.0
2010-03-19,0.0
2010-03-20,0.0
2010-03-21,0.0
2010-03-22,0.0
2010-03-23,0.0
2010-03-24,0.0
2010-03-25,0.0
2010-03-26,0.0
2010-03-27,0.0
2010-03-28,0.0
2010-03-29,0.0
2010-03-30,0.0
2010-03-31,0.0
2010-04-01,0.0
2010-04-02,0.0
2010-04-03,0.0
2010-04-04,0.0
2010-04-05,0.0
2010-04-06,0.0
2010-04-07,0.0
2010-04-08,0.0
2010-04-09,0.0
2010-04-10,0.0
2010-04-11,0.0
2010-04-12,0.0
2010-04-13,0.0
2010-04-14,0.0
2010-04-15,0.0
2010-04-16,0.0
2010-04-17,0.0
2010-04-18,0.0
2010-04-19,0.0
2010-04-20,0.0
2010-04-21,0.0
2010-04-22,0.0
2010-04-23,0.0
2010-04-24,0.0
2010-04-25,0.0
2010-04-26,0.0
2010-04-27,0.0
2010-04-28,0.0
2010-04-29,0.0
2010-04-30,0.0
2010-05-01,0.0
2010-05-02,0.0
2010-05-03,0.0
2010-05-04,0.0
2010-05-05,0.0
2010-05-06,0.0
2010-05-07,0.0
2010-05-08,0.0
2010-05-09,0.0
2010-05-10,0.0
2010-05-11,0.0
2010-05-12,0.0
2010-05-13,0.0
2010-05-14,0.0
2010-05-15,0.0
2010-05-16,0.0
2010-05-17,0.0
2010-05-18,0.0
2010-05-19,0.0
2010-05-20,0.0
2010-05-21,0.0
2010-05-22,0.0
2010-05-23,0.0
2010-05-24,0.0
2010-05-25,0.0
2010-05-26,0.0
2010-05-27,0.0
2010-05-28,0.0
2010-05-29,0.0
2010-05-30,0.0
2010-05-31,0.0
2010-06-01,0.0
2010-06-02,0.0
2010-06-03,0.0
2010-06-04,0.0
2010-06-05,0.0
2010-06-06,0.0
2010-06-07,0.0
2010-06-08,0.0
2010-06-09,0.0
2010-06-10,0.0
2010-06-11,0.0
2010-06-12,0.0
2010-06-13,0.0
2010-06-14,0.0
2010-06-15,0.0
2010-06-16,0.0
2010-06-17,0.0
2010-06-18,0.0
2010-06-19,0.0
2010-06-20,0.0
2010-06-21,0.0
2010-06-22,0.0
2010-06-23,0.0
2010-06-24,0.0
2010-06-25,0.0
2010-06-26,0.0
2010-06-27,0.0
2010-06-28,0.0
2010-06-29,0.0
2010-06-30,0.0
2010-07-01,0.0
2010-07-02,0.0
2010-07-03,0.0
2010-07-04,0.0
2010-07-05,0.0
2010-07-06,0.0
2010-07-07,0.0
2010-07-08,0.0
2010-07-09,0.0
2010-07-10,0.0
2010-07-11,0.0
2010-07-12,0.0
2010-07-13,0.0
2010-07-14,0.0
2010-07-15,0.0
2010-07-16,0.0
2010-07-17,0.0
2010-07-18,0.0
2010-07-19,0.0
2010-07-20,0.0
2010-07-21,0.0
2010-07-22,0.0
2010-07-23,0.0
2010-07-24,0.0
2010-07-25,0.0
2010-07-26,0.0
2010-07-27,0.0
2010-07-28,0.0
2010-07-29,0.0
2010-07-30,0.0
2010-07-31,0.0
2010-08-01,0.0
2010-08-02,0.0
2010-08-03,0.0
2010-08-04,0.0
2010-08-05,0.0
2010-08-06,0.0
2010-08-07,0.0
2010-08-08,0.0
2010-08-09,0.0
2010-08-10,0.0
2010-08-11,0.0
2010-08-12,0.0
2010-08-13,0.0
2010-08-14,0.0
2010-08-15,0.0
2010-08-16,0.0
2010-08-17,0.0
2010-08-18,0.07400000000000001
2010-08-19,0.07400000000000001
2010-08-20,0.0667
2010-08-21,0.0667
2010-08-22,0.0664
2010-08-23,0.0664
2010-08-24,0.066889
2010-08-25,0.066889
2010-08-26,0.066499
2010-08-27,0.066499
2010-08-28,0.065
2010-08-29,0.065
2010-08-30,0.069
2010-08-31,0.069
2010-09-01,0.0649
2010-09-02,0.0649
2010-09-03,0.0634
2010-09-04,0.0634
2010-09-05,0.0629
2010-09-06,0.0629
2010-09-07,0.06185
2010-09-08,0.06185
2010-09-09,0.0624
2010-09-10,0.0624
2010-09-11,0.062
2010-09-12,0.062
2010-09-13,0.06201
2010-09-14,0.06201
2010-09-15,0.175
2010-09-16,0.175
2010-09-17,0.0609
2010-09-18,0.0609
2010-09-19,0.062599
2010-09-20,0.062599
2010-09-21,0.0633
2010-09-22,0.0633
2010-09-23,0.063
2010-09-24,0.063
2010-09-25,0.0624
2010-09-26,0.0624
2010-09-27,0.062206
2010-09-28,0.062206
2010-09-29,0.062189999999999995
2010-09-30,0.062189999999999995
2010-10-01,0.061999
2010-10-02,0.061999
2010-10-03,0.0614
2010-10-04,0.0614
2010-10-05,0.06301
2010-10-06,0.06301
2010-10-07,0.0638
2010-10-08,0.0638
2010-10-09,0.12000999999999999
2010-10-10,0.12000999999999999
2010-10-11,0.1301
2010-10-12,0.1301
2010-10-13,0.095
2010-10-14,0.095
2010-10-15,0.11900000000000001
2010-10-16,0.11900000000000001
2010-10-17,0.1045
2010-10-18,0.1045
2010-10-19,0.1024
2010-10-20,0.1024
2010-10-21,0.109
2010-10-22,0.109
2010-10-23,0.10901
2010-10-24,0.10901
2010-10-25,0.15
2010-10-26,0.15
2010-10-27,0.19
2010-10-28,0.19
2010-10-29,0.191
2010-10-30,0.191
2010-10-31,0.19899999999999998
2010-11-01,0.19899999999999998
2010-11-02,0.1955
2010-11-03,0.1955
2010-11-04,0.23601
2010-11-05,0.23601
2010-11-06,0.29
2010-11-07,0.29
2010-11-08,0.37
2010-11-09,0.37
2010-11-10,0.2667
2010-11-11,0.2667
2010-11-12,0.251
2010-11-13,0.251
2010-11-14,0.299
2010-11-15,0.299
2010-11-16,0.2827
2010-11-17,0.2827
2010-11-18,0.28999899999999995
2010-11-19,0.28999899999999995
2010-11-20,0.289
2010-11-21,0.289
2010-11-22,0.282
2010-11-23,0.282
2010-11-24,0.28299
2010-11-25,0.28299
2010-11-26,0.289
2010-11-27,0.289
2010-11-28,0.28461
2010-11-29,0.28461
2010-11-30,0.275
2010-12-01,0.275
2010-12-02,0.25
2010-12-03,0.25
2010-12-04,0.2589
2010-12-05,0.2589
2010-12-06,0.225
2010-12-07,0.225
2010-12-08,0.2477
2010-12-09,0.2477
2010-12-10,0.204
2010-12-11,0.204
2010-12-12,0.228
2010-12-13,0.228
2010-12-14,0.23
2010-12-15,0.23
2010-12-16,0.2459
2010-12-17,0.2459
2010-12-18,0.249
2010-12-19,0.249
2010-12-20,0.275
2010-12-21,0.275
2010-12-22,0.267
2010-12-23,0.267
2010-12-24,0.25
2010-12-25,0.25
2010-12-26,0.269999
2010-12-27,0.269999
2010-12-28,0.28
2010-12-29,0.28
2010-12-30,0.29999899999999996
2010-12-31,0.29999899999999996
2011-01-01,0.299998
2011-01-02,0.299998
2011-01-03,0.299998
2011-01-04,0.299998
2011-01-05,0.298998
2011-01-06,0.298998
2011-01-07,0.322
2011-01-08,0.322
2011-01-09,0.322998
2011-01-10,0.322998
2011-01-11,0.32899999999999996
2011-01-12,0.32899999999999996
2011-01-13,0.405
2011-01-14,0.405
2011-01-15,0.4
2011-01-16,0.4
2011-01-17,0.4
2011-01-18,0.4
2011-01-19,0.3401
2011-01-20,0.3401
2011-01-21,0.44
2011-01-22,0.44
2011-01-23,0.4443
2011-01-24,0.4443
2011-01-25,0.425
2011-01-26,0.425
2011-01-27,0.4174
2011-01-28,0.4174
2011-01-29,0.446
2011-01-30,0.446
2011-01-31,0.5
2011-02-01,0.5
2011-02-02,0.8400989999999999
2011-02-03,0.8400989999999999
2011-02-04,0.88
2011-02-05,0.88
2011-02-06,0.92
2011-02-07,0.92
2011-02-08,0.9
2011-02-09,0.9
2011-02-10,1.1
2011-02-11,1.1
2011-02-12,1.0899
2011-02-13,1.0899
2011-02-14,1.08
2011-02-15,1.08
2011-02-16,1.05019
2011-02-17,1.05019
2011-02-18,1.05019
2011-02-19,1.05019
2011-02-20,0.954896
2011-02-21,0.954896
2011-02-22,0.869499
2011-02-23,0.869499
2011-02-24,0.9499
2011-02-25,0.9499
2011-02-26,0.988567
2011-02-27,0.988567
2011-02-28,0.9492309999999999
2011-03-01,0.9492309999999999
2011-03-02,0.9498
2011-03-03,0.9498
2011-03-04,0.9392
2011-03-05,0.9392
2011-03-06,0.9104450000000001
2011-03-07,0.9104450000000001
2011-03-08,0.9072
2011-03-09,0.9072
2011-03-10,0.87
2011-03-11,0.87
2011-03-12,0.9197
2011-03-13,0.9197
2011-03-14,0.9
2011-03-15,0.9
2011-03-16,0.89
2011-03-17,0.89
2011-03-18,0.850617
2011-03-19,0.850617
2011-03-20,0.79
2011-03-21,0.79
2011-03-22,0.799646
2011-03-23,0.799646
2011-03-24,0.9
2011-03-25,0.9
2011-03-26,0.905
2011-03-27,0.905
2011-03-28,0.8575
2011-03-29,0.8575
2011-03-30,0.795
2011-03-31,0.795
2011-04-01,0.79997
2011-04-02,0.79997
2011-04-03,0.7998
2011-04-04,0.7998
2011-04-05,0.71
2011-04-06,0.71
2011-04-07,0.7677
2011-04-08,0.7677
2011-04-09,0.7676
2011-04-10,0.7676
2011-04-11,0.7809999999999999
2011-04-12,0.7809999999999999
2011-04-13,1.0
2011-04-14,1.0
2011-04-15,1.08999
2011-04-16,1.08999
2011-04-17,1.085
2011-04-18,1.085
2011-04-19,1.19
2011-04-20,1.19
2011-04-21,1.1979
2011-04-22,1.1979
2011-04-23,1.5490000000000002
2011-04-24,1.5490000000000002
2011-04-25,1.7009999999999998
2011-04-26,1.7009999999999998
2011-04-27,1.95
2011-04-28,1.95
2011-04-29,2.7
2011-04-30,2.7
2011-05-01,4.09
2011-05-02,4.09
2011-05-03,3.49
2011-05-04,3.49
2011-05-05,3.5
2011-05-06,3.5
2011-05-07,3.7
2011-05-08,3.7
2011-05-09,3.937
2011-05-10,3.937
2011-05-11,6.065
2011-05-12,6.065
2011-05-13,8.45
2011-05-14,8.45
2011-05-15,8.55
2011-05-16,8.55
2011-05-17,8.38901
2011-05-18,8.38901
2011-05-19,7.34
2011-05-20,7.34
2011-05-21,6.6036
2011-05-22,6.6036
2011-05-23,7.45
2011-05-24,7.45
2011-05-25,7.51
2011-05-26,7.51
2011-05-27,8.92
2011-05-28,8.92
2011-05-29,8.4992
2011-05-30,8.4992
2011-05-31,9.4998
2011-06-01,9.4998
2011-06-02,10.57
2011-06-03,10.57
2011-06-04,17.41
2011-06-05,17.41
2011-06-06,19.23
2011-06-07,19.23
2011-06-08,31.9099
2011-06-09,31.9099
2011-06-10,35.0
2011-06-11,35.0
2011-06-12,24.99
2011-06-13,24.99
2011-06-14,20.99
2011-06-15,20.99
2011-06-16,19.96
2011-06-17,19.96
2011-06-18,17.2
2011-06-19,17.2
2011-06-20,17.35
2011-06-21,17.35
2011-06-22,15.05
2011-06-23,15.05
2011-06-24,16.7501
2011-06-25,16.7501
2011-06-26,17.51001
2011-06-27,17.51001
2011-06-28,17.52
2011-06-29,17.52
2011-06-30,17.5
2011-07-01,17.5
2011-07-02,16.49
2011-07-03,16.49
2011-07-04,15.85
2011-07-05,15.85
2011-07-06,16.5
2011-07-07,16.5
2011-07-08,15.64276
2011-07-09,15.64276
2011-07-10,15.68
2011-07-11,15.68
2011-07-12,14.639879999999998
2011-07-13,14.639879999999998
2011-07-14,14.1
2011-07-15,14.1
2011-07-16,14.1
2011-07-17,14.1
2011-07-18,13.6901
2011-07-19,13.6901
2011-07-20,14.04
2011-07-21,14.04
2011-07-22,13.9389
2011-07-23,13.9389
2011-07-24,13.979999
2011-07-25,13.979999
2011-07-26,14.4
2011-07-27,14.4
2011-07-28,14.0
2011-07-29,14.0
2011-07-30,13.8
2011-07-31,13.8
2011-08-01,13.5501
2011-08-02,13.5501
2011-08-03,13.1
2011-08-04,13.1
2011-08-05,11.55
2011-08-06,11.55
2011-08-07,9.8
2011-08-08,9.8
2011-08-09,12.1
2011-08-10,12.1
2011-08-11,10.4959
2011-08-12,10.4959
2011-08-13,10.05
2011-08-14,10.05
2011-08-15,11.89
2011-08-16,11.89
2011-08-17,11.3
2011-08-18,11.3
2011-08-19,11.81
2011-08-20,11.81
2011-08-21,11.59
2011-08-22,11.59
2011-08-23,11.49
2011-08-24,11.49
2011-08-25,10.965539999999999
2011-08-26,10.965539999999999
2011-08-27,9.11
2011-08-28,9.11
2011-08-29,9.4811
2011-08-30,9.4811
2011-08-31,9.0
2011-09-01,9.0
2011-09-02,8.4989
2011-09-03,8.4989
2011-09-04,8.5939999988
2011-09-05,8.5939999988
2011-09-06,7.65713
2011-09-07,7.65713
2011-09-08,7.31509
2011-09-09,7.31509
2011-09-10,6.208920000199998
2011-09-11,6.208920000199998
2011-09-12,7.081
2011-09-13,7.081
2011-09-14,5.990000000899999
2011-09-15,5.990000000899999
2011-09-16,5.23
2011-09-17,5.23
2011-09-18,5.0
2011-09-19,5.0
2011-09-20,6.795
2011-09-21,6.795
2011-09-22,5.83001
2011-09-23,5.83001
2011-09-24,5.66
2011-09-25,5.66
2011-09-26,5.46014
2011-09-27,5.46014
2011-09-28,4.989
2011-09-29,4.989
2011-09-30,5.35
2011-10-01,5.35
2011-10-02,5.16
2011-10-03,5.16
2011-10-04,5.03
2011-10-05,5.03
2011-10-06,4.93
2011-10-07,4.93
2011-10-08,4.593999999999999
2011-10-09,4.593999999999999
2011-10-10,4.25937
2011-10-11,4.25937
2011-10-12,4.206119999999999
2011-10-13,4.206119999999999
2011-10-14,4.11455
2011-10-15,4.11455
2011-10-16,3.9009000001999996
2011-10-17,3.9009000001999996
2011-10-18,2.9
2011-10-19,2.9
2011-10-20,2.42
2011-10-21,2.42
2011-10-22,3.3
2011-10-23,3.3
2011-10-24,3.2
2011-10-25,3.2
2011-10-26,2.8760000000000003
2011-10-27,2.8760000000000003
2011-10-28,3.255
2011-10-29,3.255
2011-10-30,3.65026
2011-10-31,3.65026
2011-11-01,3.35
2011-11-02,3.35
2011-11-03,3.299
2011-11-04,3.299
2011-11-05,3.21
2011-11-06,3.21
2011-11-07,3.0289
2011-11-08,3.0289
2011-11-09,3.114
2011-11-10,3.114
2011-11-11,3.0
2011-11-12,3.0
2011-11-13,3.0989999999999998
2011-11-14,3.0989999999999998
2011-11-15,2.69
2011-11-16,2.69
2011-11-17,2.60031
2011-11-18,2.60031
2011-11-19,2.3
2011-11-20,2.3
2011-11-21,2.29
2011-11-22,2.29
2011-11-23,2.38
2011-11-24,2.38
2011-11-25,2.56
2011-11-26,2.56
2011-11-27,2.4965
2011-11-28,2.4965
2011-11-29,2.9810000000000003
2011-11-30,2.9810000000000003
2011-12-01,3.14
2011-12-02,3.14
2011-12-03,3.1299900000000003
2011-12-04,3.1299900000000003
2011-12-05,2.93
2011-12-06,2.93
2011-12-07,3.082
2011-12-08,3.082
2011-12-09,3.0389999999999997
2011-12-10,3.0389999999999997
2011-12-11,3.38
2011-12-12,3.38
2011-12-13,3.3
2011-12-14,3.3
2011-12-15,3.1933
2011-12-16,3.1933
2011-12-17,3.23
2011-12-18,3.23
2011-12-19,3.70036
2011-12-20,3.70036
2011-12-21,4.11
2011-12-22,4.11
2011-12-23,3.95
2011-12-24,3.95
2011-12-25,4.3897
2011-12-26,4.3897
2011-12-27,4.06
2011-12-28,4.06
2011-12-29,4.33
2011-12-30,4.33
2011-12-31,4.995
2012-01-01,4.995
2012-01-02,5.4999
2012-01-03,5.4999
2012-01-04,5.6063
2012-01-05,5.6063
2012-01-06,7.22
2012-01-07,7.22
2012-01-08,7.2
2012-01-09,7.2
2012-01-10,6.89
2012-01-11,6.89
2012-01-12,6.997000000000001
2012-01-13,6.997000000000001
2012-01-14,6.75
2012-01-15,6.75
2012-01-16,7.18888
2012-01-17,7.18888
2012-01-18,6.95
2012-01-19,6.95
2012-01-20,6.58
2012-01-21,6.58
2012-01-22,6.39
2012-01-23,6.39
2012-01-24,6.515
2012-01-25,6.515
2012-01-26,6.2
2012-01-27,6.2
2012-01-28,5.74815
2012-01-29,5.74815
2012-01-30,5.6
2012-01-31,5.6
2012-02-01,5.638
2012-02-02,5.638
2012-02-03,6.148
2012-02-04,6.148
2012-02-05,5.9625
2012-02-06,5.9625
2012-02-07,5.70999
2012-02-08,5.70999
2012-02-09,5.8
2012-02-10,5.8
2012-02-11,6.0
2012-02-12,6.0
2012-02-13,5.72
2012-02-14,5.72
2012-02-15,4.88
2012-02-16,4.88
2012-02-17,4.76998
2012-02-18,4.76998
2012-02-19,4.33333
2012-02-20,4.33333
2012-02-21,4.4354
2012-02-22,4.4354
2012-02-23,4.92481
2012-02-24,4.92481
2012-02-25,5.07
2012-02-26,5.07
2012-02-27,5.1
2012-02-28,5.1
2012-02-29,4.9
2012-03-01,4.9
2012-03-02,4.98888
2012-03-03,4.98888
2012-03-04,4.9
2012-03-05,4.9
2012-03-06,5.05
2012-03-07,5.05
2012-03-08,5.0
2012-03-09,5.0
2012-03-10,4.94
2012-03-11,4.94
2012-03-12,4.95915
2012-03-13,4.95915
2012-03-14,5.4444
2012-03-15,5.4444
2012-03-16,5.4
2012-03-17,5.4
2012-03-18,5.379980000000001
2012-03-19,5.379980000000001
2012-03-20,4.98
2012-03-21,4.98
2012-03-22,4.88
2012-03-23,4.88
2012-03-24,4.74896
2012-03-25,4.74896
2012-03-26,4.73793
2012-03-27,4.73793
2012-03-28,4.84592
2012-03-29,4.84592
2012-03-30,4.83
2012-03-31,4.83
2012-04-01,4.928999999999999
2012-04-02,4.928999999999999
2012-04-03,5.01
2012-04-04,5.01
2012-04-05,4.94486
2012-04-06,4.94486
2012-04-07,4.98
2012-04-08,4.98
2012-04-09,4.8
2012-04-10,4.8
2012-04-11,4.8941
2012-04-12,4.8941
2012-04-13,4.94464
2012-04-14,4.94464
2012-04-15,4.98389
2012-04-16,4.98389
2012-04-17,5.022069999999999
2012-04-18,5.022069999999999
2012-04-19,5.19
2012-04-20,5.19
2012-04-21,5.48
2012-04-22,5.48
2012-04-23,5.21799
2012-04-24,5.21799
2012-04-25,5.16
2012-04-26,5.16
2012-04-27,5.1372
2012-04-28,5.1372
2012-04-29,5.0184
2012-04-30,5.0184
2012-05-01,5.0
2012-05-02,5.0
2012-05-03,5.184
2012-05-04,5.184
2012-05-05,5.1495
2012-05-06,5.1495
2012-05-07,5.0947
2012-05-08,5.0947
2012-05-09,5.09609
2012-05-10,5.09609
2012-05-11,5.03188
2012-05-12,5.03188
2012-05-13,4.998880000000001
2012-05-14,4.998880000000001
2012-05-15,5.09
2012-05-16,5.09
2012-05-17,5.1345
2012-05-18,5.1345
2012-05-19,5.14291
2012-05-20,5.14291
2012-05-21,5.1475
2012-05-22,5.1475
2012-05-23,5.16
2012-05-24,5.16
2012-05-25,5.15
2012-05-26,5.15
2012-05-27,5.148
2012-05-28,5.148
2012-05-29,5.15889
2012-05-30,5.15889
2012-05-31,5.19
2012-06-01,5.19
2012-06-02,5.279
2012-06-03,5.279
2012-06-04,5.2785
2012-06-05,5.2785
2012-06-06,5.47
2012-06-07,5.47
2012-06-08,5.66
2012-06-09,5.66
2012-06-10,5.62
2012-06-11,5.62
2012-06-12,5.7
2012-06-13,5.7
2012-06-14,5.95
2012-06-15,5.95
2012-06-16,6.599
2012-06-17,6.599
2012-06-18,6.4668
2012-06-19,6.4668
2012-06-20,6.64999
2012-06-21,6.64999
2012-06-22,6.79962
2012-06-23,6.79962
2012-06-24,6.5915
2012-06-25,6.5915
2012-06-26,6.4514
2012-06-27,6.4514
2012-06-28,6.66897
2012-06-29,6.66897
2012-06-30,6.693
2012-07-01,6.693
2012-07-02,6.75
2012-07-03,6.75
2012-07-04,6.55
2012-07-05,6.55
2012-07-06,6.734489999999999
2012-07-07,6.734489999999999
2012-07-08,6.87
2012-07-09,6.87
2012-07-10,7.239
2012-07-11,7.239
2012-07-12,7.32
2012-07-13,7.32
2012-07-14,7.688910000000001
2012-07-15,7.688910000000001
2012-07-16,8.2899
2012-07-17,8.2899
2012-07-18,9.39899
2012-07-19,9.39899
2012-07-20,9.23355
2012-07-21,9.23355
2012-07-22,9.0
2012-07-23,9.0
2012-07-24,8.96
2012-07-25,8.96
2012-07-26,8.9
2012-07-27,8.9
2012-07-28,8.93
2012-07-29,8.93
2012-07-30,9.15
2012-07-31,9.15
2012-08-01,9.54
2012-08-02,9.54
2012-08-03,11.1188
2012-08-04,11.1188
2012-08-05,11.1869
2012-08-06,11.1869
2012-08-07,11.04
2012-08-08,11.04
2012-08-09,12.0
2012-08-10,12.0
2012-08-11,11.59788
2012-08-12,11.59788
2012-08-13,11.86999
2012-08-14,11.86999
2012-08-15,12.67
2012-08-16,12.67
2012-08-17,15.4
2012-08-18,15.4
2012-08-19,12.0
2012-08-20,12.0
2012-08-21,10.29999
2012-08-22,10.29999
2012-08-23,10.25
2012-08-24,10.25
2012-08-25,10.25
2012-08-26,10.25
2012-08-27,12.149989999999999
2012-08-28,12.149989999999999
2012-08-29,11.20999
2012-08-30,11.20999
2012-08-31,10.8359
2012-09-01,10.8359
2012-09-02,10.18999
2012-09-03,10.18999
2012-09-04,10.5934
2012-09-05,10.5934
2012-09-06,11.17
2012-09-07,11.17
2012-09-08,11.21
2012-09-09,11.21
2012-09-10,11.127
2012-09-11,11.127
2012-09-12,11.3789
2012-09-13,11.3789
2012-09-14,11.75
2012-09-15,11.75
2012-09-16,11.99
2012-09-17,11.99
2012-09-18,12.09
2012-09-19,12.09
2012-09-20,12.68666
2012-09-21,12.68666
2012-09-22,12.4433
2012-09-23,12.4433
2012-09-24,12.29888
2012-09-25,12.29888
2012-09-26,12.28
2012-09-27,12.28
2012-09-28,12.444
2012-09-29,12.444
2012-09-30,12.47499
2012-10-01,12.47499
2012-10-02,12.88
2012-10-03,12.88
2012-10-04,13.0899
2012-10-05,13.0899
2012-10-06,12.899989999999999
2012-10-07,12.899989999999999
2012-10-08,12.08
2012-10-09,12.08
2012-10-10,12.15
2012-10-11,12.15
2012-10-12,12.15
2012-10-13,12.15
2012-10-14,12.0
2012-10-15,12.0
2012-10-16,11.99
2012-10-17,11.99
2012-10-18,11.95998
2012-10-19,11.95998
2012-10-20,11.85
2012-10-21,11.85
2012-10-22,11.81
2012-10-23,11.81
2012-10-24,11.82
2012-10-25,11.82
2012-10-26,11.09988
2012-10-27,11.09988
2012-10-28,10.61
2012-10-29,10.61
2012-10-30,10.85
2012-10-31,10.85
2012-11-01,11.279000000000002
2012-11-02,11.279000000000002
2012-11-03,10.60097
2012-11-04,10.60097
2012-11-05,10.9
2012-11-06,10.9
2012-11-07,11.21603
2012-11-08,11.21603
2012-11-09,11.07
2012-11-10,11.07
2012-11-11,10.939
2012-11-12,10.939
2012-11-13,11.129000000000001
2012-11-14,11.129000000000001
2012-11-15,11.114
2012-11-16,11.114
2012-11-17,11.8
2012-11-18,11.8
2012-11-19,11.79998
2012-11-20,11.79998
2012-11-21,11.784
2012-11-22,11.784
2012-11-23,12.43
2012-11-24,12.43
2012-11-25,12.6
2012-11-26,12.6
2012-11-27,12.52999
2012-11-28,12.52999
2012-11-29,12.599
2012-11-30,12.599
2012-12-01,12.68778
2012-12-02,12.68778
2012-12-03,12.67901
2012-12-04,12.67901
2012-12-05,13.5
2012-12-06,13.5
2012-12-07,13.68
2012-12-08,13.68
2012-12-09,13.53
2012-12-10,13.53
2012-12-11,13.63999
2012-12-12,13.63999
2012-12-13,13.79989
2012-12-14,13.79989
2012-12-15,13.7722
2012-12-16,13.7722
2012-12-17,13.498
2012-12-18,13.498
2012-12-19,13.399000000000001
2012-12-20,13.399000000000001
2012-12-21,13.6475
2012-12-22,13.6475
2012-12-23,13.485470000000001
2012-12-24,13.485470000000001
2012-12-25,13.45
2012-12-26,13.45
2012-12-27,13.47
2012-12-28,13.47
2012-12-29,13.67
2012-12-30,13.67
2012-12-31,13.59
2013-01-01,13.59
2013-01-02,13.4
2013-01-03,13.4
2013-01-04,13.48986
2013-01-05,13.48986
2013-01-06,13.52999
2013-01-07,13.52999
2013-01-08,13.83
2013-01-09,13.83
2013-01-10,14.32
2013-01-11,14.32
2013-01-12,14.34999
2013-01-13,14.34999
2013-01-14,14.3
2013-01-15,14.3
2013-01-16,14.689
2013-01-17,14.689
2013-01-18,15.985
2013-01-19,15.985
2013-01-20,15.89
2013-01-21,15.89
2013-01-22,17.59
2013-01-23,17.59
2013-01-24,19.189989999999998
2013-01-25,19.189989999999998
2013-01-26,17.61926
2013-01-27,17.61926
2013-01-28,18.45
2013-01-29,18.45
2013-01-30,19.7
2013-01-31,19.7
2013-02-01,21.3
2013-02-02,21.3
2013-02-03,20.68
2013-02-04,20.68
2013-02-05,20.79
2013-02-06,20.79
2013-02-07,22.15
2013-02-08,22.15
2013-02-09,23.69997
2013-02-10,23.69997
2013-02-11,24.1955
2013-02-12,24.1955
2013-02-13,26.09999
2013-02-14,26.09999
2013-02-15,26.99898
2013-02-16,26.99898
2013-02-17,25.6083
2013-02-18,25.6083
2013-02-19,28.789990000000003
2013-02-20,28.789990000000003
2013-02-21,29.80012
2013-02-22,29.80012
2013-02-23,29.27998
2013-02-24,29.27998
2013-02-25,30.250009999999996
2013-02-26,30.250009999999996
2013-02-27,31.401809999999998
2013-02-28,31.401809999999998
2013-03-01,34.877990000000004
2013-03-02,34.877990000000004
2013-03-03,34.10007
2013-03-04,34.10007
2013-03-05,40.04
2013-03-06,40.04
2013-03-07,42.492709999999995
2013-03-08,42.492709999999995
2013-03-09,46.01112
2013-03-10,46.01112
2013-03-11,47.7397
2013-03-12,47.7397
2013-03-13,46.79999
2013-03-14,46.79999
2013-03-15,47.25005
2013-03-16,47.25005
2013-03-17,47.4419
2013-03-18,47.4419
2013-03-19,57.76
2013-03-20,57.76
2013-03-21,73.8
2013-03-22,73.8
2013-03-23,63.0
2013-03-24,63.0
2013-03-25,73.88798
2013-03-26,73.88798
2013-03-27,88.9
2013-03-28,88.9
2013-03-29,89.05
2013-03-30,89.05
2013-03-31,92.50001
2013-04-01,92.50001
2013-04-02,108.73
2013-04-03,108.73
2013-04-04,131.99899
2013-04-05,131.99899
2013-04-06,142.49765
2013-04-07,142.49765
2013-04-08,184.0
2013-04-09,184.0
2013-04-10,198.0
2013-04-11,198.0
2013-04-12,76.488
2013-04-13,76.488
2013-04-14,91.0
2013-04-15,91.0
2013-04-16,91.0
2013-04-17,91.0
2013-04-18,96.5
2013-04-19,96.5
2013-04-20,123.86
2013-04-21,123.86
2013-04-22,123.515
2013-04-23,123.515
2013-04-24,153.20019
2013-04-25,153.20019
2013-04-26,135.601
2013-04-27,135.601
2013-04-28,135.98998999999998
2013-04-29,135.98998999999998
2013-04-30,139.109
2013-05-01,139.109
2013-05-02,105.00003000000001
2013-05-03,105.00003000000001
2013-05-04,111.98978999999999
2013-05-05,111.98978999999999
2013-05-06,120.94998999999999
2013-05-07,120.94998999999999
2013-05-08,113.95001
2013-05-09,113.95001
2013-05-10,117.68
2013-05-11,117.68
2013-05-12,114.32
2013-05-13,114.32
2013-05-14,119.0
2013-05-15,119.0
2013-05-16,115.09024
2013-05-17,115.09024
2013-05-18,123.74995
2013-05-19,123.74995
2013-05-20,122.65001000000001
2013-05-21,122.65001000000001
2013-05-22,122.64
2013-05-23,122.64
2013-05-24,131.5
2013-05-25,131.5
2013-05-26,134.04701
2013-05-27,134.04701
2013-05-28,128.321
2013-05-29,128.321
2013-05-30,130.99589
2013-05-31,130.99589
2013-06-01,129.19945
2013-06-02,129.19945
2013-06-03,120.00001999999999
2013-06-04,120.00001999999999
2013-06-05,122.4051
2013-06-06,122.4051
2013-06-07,110.29501
2013-06-08,110.29501
2013-06-09,98.47045
2013-06-10,98.47045
2013-06-11,108.0
2013-06-12,108.0
2013-06-13,109.0
2013-06-14,109.0
2013-06-15,101.96998
2013-06-16,101.96998
2013-06-17,100.52521
2013-06-18,100.52521
2013-06-19,107.835
2013-06-20,107.835
2013-06-21,111.0
2013-06-22,111.0
2013-06-23,107.68388999999999
2013-06-24,107.68388999999999
2013-06-25,103.86665
2013-06-26,103.86665
2013-06-27,102.79001
2013-06-28,102.79001
2013-06-29,95.85301
2013-06-30,95.85301
2013-07-01,90.99799999999999
2013-07-02,90.99799999999999
2013-07-03,82.8
2013-07-04,82.8
2013-07-05,67.85844
2013-07-06,67.85844
2013-07-07,70.942
2013-07-08,70.942
2013-07-09,76.32791
2013-07-10,76.32791
2013-07-11,87.15
2013-07-12,87.15
2013-07-13,95.995
2013-07-14,95.995
2013-07-15,98.37516
2013-07-16,98.37516
2013-07-17,97.97
2013-07-18,97.97
2013-07-19,93.41082
2013-07-20,93.41082
2013-07-21,88.93999000000001
2013-07-22,88.93999000000001
2013-07-23,95.396
2013-07-24,95.396
2013-07-25,96.2
2013-07-26,96.2
2013-07-27,95.20461
2013-07-28,95.20461
2013-07-29,101.04202
2013-07-30,101.04202
2013-07-31,104.95555
2013-08-01,104.95555
2013-08-02,105.5
2013-08-03,105.5
2013-08-04,104.67459000000001
2013-08-05,104.67459000000001
2013-08-06,106.88378
2013-08-07,106.88378
2013-08-08,101.9
2013-08-09,101.9
2013-08-10,102.61802
2013-08-11,102.61802
2013-08-12,104.99498
2013-08-13,104.99498
2013-08-14,100.03
2013-08-15,100.03
2013-08-16,98.51
2013-08-17,98.51
2013-08-18,99.02
2013-08-19,99.02
2013-08-20,104.59
2013-08-21,104.59
2013-08-22,111.01
2013-08-23,111.01
2013-08-24,108.79
2013-08-25,108.79
2013-08-26,111.8
2013-08-27,111.8
2013-08-28,119.25
2013-08-29,119.25
2013-08-30,124.79
2013-08-31,124.79
2013-09-01,130.82
2013-09-02,130.82
2013-09-03,130.45
2013-09-04,130.45
2013-09-05,124.51
2013-09-06,124.51
2013-09-07,120.15
2013-09-08,120.15
2013-09-09,121.66
2013-09-10,121.66
2013-09-11,124.1
2013-09-12,124.1
2013-09-13,128.29
2013-09-14,128.29
2013-09-15,125.46
2013-09-16,125.46
2013-09-17,127.56
2013-09-18,127.56
2013-09-19,124.1
2013-09-20,124.1
2013-09-21,123.5
2013-09-22,123.5
2013-09-23,123.02
2013-09-24,123.02
2013-09-25,124.18
2013-09-26,124.18
2013-09-27,125.6
2013-09-28,125.6
2013-09-29,128.1
2013-09-30,128.1
2013-10-01,127.11
2013-10-02,127.11
2013-10-03,116.95
2013-10-04,116.95
2013-10-05,121.51
2013-10-06,121.51
2013-10-07,123.6
2013-10-08,123.6
2013-10-09,126.08
2013-10-10,126.08
2013-10-11,126.84
2013-10-12,126.84
2013-10-13,129.74
2013-10-14,129.74
2013-10-15,139.24
2013-10-16,139.24
2013-10-17,143.33
2013-10-18,143.33
2013-10-19,165.05
2013-10-20,165.05
2013-10-21,177.07
2013-10-22,177.07
2013-10-23,199.95
2013-10-24,199.95
2013-10-25,172.81
2013-10-26,172.81
2013-10-27,189.06
2013-10-28,189.06
2013-10-29,202.09
2013-10-30,202.09
2013-10-31,201.61
2013-11-01,201.61
2013-11-02,204.15
2013-11-03,204.15
2013-11-04,225.1
2013-11-05,225.1
2013-11-06,258.23
2013-11-07,258.23
2013-11-08,325.56
2013-11-09,325.56
2013-11-10,296.91
2013-11-11,296.91
2013-11-12,353.95
2013-11-13,353.95
2013-11-14,416.5
2013-11-15,416.5
2013-11-16,433.53
2013-11-17,433.53
2013-11-18,583.16
2013-11-19,583.16
2013-11-20,595.0
2013-11-21,595.0
2013-11-22,761.0
2013-11-23,761.0
2013-11-24,833.16
2013-11-25,833.16
2013-11-26,844.9
2013-11-27,844.9
2013-11-28,1009.0
2013-11-29,1009.0
2013-11-30,1119.96
2013-12-01,1119.96
2013-12-02,992.27
2013-12-03,992.27
2013-12-04,1151.0
2013-12-05,1151.0
2013-12-06,894.0
2013-12-07,894.0
2013-12-08,722.99
2013-12-09,722.99
2013-12-10,936.98
2013-12-11,936.98
2013-12-12,845.75
2013-12-13,845.75
2013-12-14,864.7
2013-12-15,864.7
2013-12-16,709.0
2013-12-17,709.0
2013-12-18,576.16
2013-12-19,576.16
2013-12-20,660.0
2013-12-21,660.0
2013-12-22,637.0
2013-12-23,637.0
2013-12-24,647.27
2013-12-25,647.27
2013-12-26,734.42
2013-12-27,734.42
2013-12-28,701.61
2013-12-29,701.61
2013-12-30,739.1
2013-12-31,739.1
2014-01-01,746.9
2014-01-02,746.9
2014-01-03,806.21
2014-01-04,806.21
2014-01-05,896.0
2014-01-06,896.0
2014-01-07,867.38
2014-01-08,867.38
2014-01-09,809.17
2014-01-10,809.17
2014-01-11,891.85
2014-01-12,891.85
2014-01-13,807.83
2014-01-14,807.83
2014-01-15,847.7
2014-01-16,847.7
2014-01-17,793.0
2014-01-18,793.0
2014-01-19,833.0
2014-01-20,833.0
2014-01-21,822.56
2014-01-22,822.56
2014-01-23,813.02
2014-01-24,813.02
2014-01-25,806.0
2014-01-26,806.0
2014-01-27,777.0
2014-01-28,777.0
2014-01-29,803.6
2014-01-30,803.6
2014-01-31,802.5
2014-02-01,802.5
2014-02-02,819.57
2014-02-03,819.57
2014-02-04,809.05
2014-02-05,809.05
2014-02-06,778.0
2014-02-07,778.0
2014-02-08,707.0
2014-02-09,707.0
2014-02-10,665.0
2014-02-11,665.0
2014-02-12,667.01
2014-02-13,667.01
2014-02-14,672.1
2014-02-15,672.1
2014-02-16,623.5
2014-02-17,623.5
2014-02-18,626.77
2014-02-19,626.77
2014-02-20,582.7
2014-02-21,582.7
2014-02-22,603.98
2014-02-23,603.98
2014-02-24,545.0
2014-02-25,545.0
2014-02-26,585.38
2014-02-27,585.38
2014-02-28,577.97
2014-03-01,577.97
2014-03-02,559.88
2014-03-03,559.88
2014-03-04,677.61
2014-03-05,677.61
2014-03-06,657.02
2014-03-07,657.02
2014-03-08,609.0
2014-03-09,609.0
2014-03-10,621.99
2014-03-11,621.99
2014-03-12,642.1
2014-03-13,642.1
2014-03-14,636.47
2014-03-15,636.47
2014-03-16,634.94
2014-03-17,634.94
2014-03-18,627.0
2014-03-19,627.0
2014-03-20,590.0
2014-03-21,590.0
2014-03-22,557.0
2014-03-23,557.0
2014-03-24,572.0
2014-03-25,572.0
2014-03-26,585.7
2014-03-27,585.7
2014-03-28,503.0
2014-03-29,503.0
2014-03-30,449.02
2014-03-31,449.02
2014-04-01,479.51
2014-04-02,479.51
2014-04-03,446.31
2014-04-04,446.31
2014-04-05,451.84
2014-04-06,451.84
2014-04-07,447.74
2014-04-08,447.74
2014-04-09,443.1
2014-04-10,443.1
2014-04-11,427.99
2014-04-12,427.99
2014-04-13,405.0
2014-04-14,405.0
2014-04-15,489.91
2014-04-16,489.91
2014-04-17,495.0
2014-04-18,495.0
2014-04-19,499.9
2014-04-20,499.9
2014-04-21,496.5
2014-04-22,496.5
2014-04-23,487.3
2014-04-24,487.3
2014-04-25,459.15
2014-04-26,459.15
2014-04-27,440.1
2014-04-28,440.1
2014-04-29,447.7
2014-04-30,447.7
2014-05-01,460.01
2014-05-02,460.01
2014-05-03,434.5
2014-05-04,434.5
2014-05-05,427.83
2014-05-06,427.83
2014-05-07,446.65
2014-05-08,446.65
2014-05-09,452.02
2014-05-10,452.02
2014-05-11,435.0
2014-05-12,435.0
2014-05-13,438.95
2014-05-14,438.95
2014-05-15,448.99
2014-05-16,448.99
2014-05-17,449.08
2014-05-18,449.08
2014-05-19,446.42
2014-05-20,446.42
2014-05-21,494.87
2014-05-22,494.87
2014-05-23,527.47
2014-05-24,527.47
2014-05-25,575.0
2014-05-26,575.0
2014-05-27,581.87
2014-05-28,581.87
2014-05-29,568.0
2014-05-30,568.0
2014-05-31,620.45
2014-06-01,620.45
2014-06-02,631.49
2014-06-03,631.49
2014-06-04,644.66
2014-06-05,644.66
2014-06-06,655.75
2014-06-07,655.75
2014-06-08,652.0
2014-06-09,652.0
2014-06-10,649.89
2014-06-11,649.89
2014-06-12,617.0
2014-06-13,617.0
2014-06-14,557.92
2014-06-15,557.92
2014-06-16,595.0
2014-06-17,595.0
2014-06-18,604.6
2014-06-19,604.6
2014-06-20,593.33
2014-06-21,593.33
2014-06-22,596.08
2014-06-23,596.08
2014-06-24,585.54
2014-06-25,585.54
2014-06-26,569.0
2014-06-27,569.0
2014-06-28,597.08
2014-06-29,597.08
2014-06-30,620.0
2014-07-01,620.0
2014-07-02,654.0
2014-07-03,654.0
2014-07-04,635.49
2014-07-05,635.49
2014-07-06,634.49
2014-07-07,634.49
2014-07-08,623.7
2014-07-09,623.7
2014-07-10,619.78
2014-07-11,619.78
2014-07-12,631.98
2014-07-13,631.98
2014-07-14,622.8
2014-07-15,622.8
2014-07-16,619.48
2014-07-17,619.48
2014-07-18,629.86
2014-07-19,629.86
2014-07-20,623.77
2014-07-21,623.77
2014-07-22,621.03
2014-07-23,621.03
2014-07-24,601.18
2014-07-25,601.18
2014-07-26,595.88
2014-07-27,595.88
2014-07-28,586.96
2014-07-29,586.96
2014-07-30,573.48
2014-07-31,573.48
2014-08-01,601.94
2014-08-02,601.94
2014-08-03,589.79
2014-08-04,589.79
2014-08-05,580.21
2014-08-06,580.21
2014-08-07,587.24
2014-08-08,587.24
2014-08-09,588.61
2014-08-10,588.61
2014-08-11,578.97
2014-08-12,578.97
2014-08-13,550.14
2014-08-14,550.14
2014-08-15,498.16
2014-08-16,498.16
2014-08-17,491.88
2014-08-18,491.88
2014-08-19,487.5
2014-08-20,487.5
2014-08-21,525.78
2014-08-22,525.78
2014-08-23,503.88
2014-08-24,503.88
2014-08-25,503.79
2014-08-26,503.79
2014-08-27,514.84
2014-08-28,514.84
2014-08-29,511.99
2014-08-30,511.99
2014-08-31,477.98
2014-09-01,477.98
2014-09-02,483.65
2014-09-03,483.65
2014-09-04,486.0
2014-09-05,486.0
2014-09-06,481.09
2014-09-07,481.09
2014-09-08,476.61
2014-09-09,476.61
2014-09-10,485.03
2014-09-11,485.03
2014-09-12,470.43
2014-09-13,470.43
2014-09-14,475.49
2014-09-15,475.49
2014-09-16,468.0
2014-09-17,468.0
2014-09-18,428.19
2014-09-19,428.19
2014-09-20,415.56
2014-09-21,415.56
2014-09-22,400.98
2014-09-23,400.98
2014-09-24,431.91
2014-09-25,431.91
2014-09-26,405.14
2014-09-27,405.14
2014-09-28,380.0
2014-09-29,380.0
2014-09-30,382.67
2014-10-01,382.67
2014-10-02,375.85
2014-10-03,375.85
2014-10-04,336.0
2014-10-05,336.0
2014-10-06,331.2
2014-10-07,331.2
2014-10-08,346.26
2014-10-09,346.26
2014-10-10,358.97
2014-10-11,358.97
2014-10-12,364.83
2014-10-13,364.83
2014-10-14,411.89
2014-10-15,411.89
2014-10-16,378.02
2014-10-17,378.02
2014-10-18,389.68
2014-10-19,389.68
2014-10-20,384.95
2014-10-21,384.95
2014-10-22,385.1
2014-10-23,385.1
2014-10-24,358.46
2014-10-25,358.46
2014-10-26,355.43
2014-10-27,355.43
2014-10-28,354.94
2014-10-29,354.94
2014-10-30,337.0
2014-10-31,337.0
2014-11-01,327.39
2014-11-02,327.39
2014-11-03,325.81
2014-11-04,325.81
2014-11-05,341.99
2014-11-06,341.99
2014-11-07,342.26
2014-11-08,342.26
2014-11-09,356.34
2014-11-10,356.34
2014-11-11,365.04
2014-11-12,365.04
2014-11-13,406.56
2014-11-14,406.56
2014-11-15,373.14
2014-11-16,373.14
2014-11-17,378.48
2014-11-18,378.48
2014-11-19,374.77
2014-11-20,374.77
2014-11-21,356.9
2014-11-22,356.9
2014-11-23,362.99
2014-11-24,362.99
2014-11-25,381.03
2014-11-26,381.03
2014-11-27,372.62
2014-11-28,372.62
2014-11-29,377.22
2014-11-30,377.22
2014-12-01,381.72
2014-12-02,381.72
2014-12-03,378.25
2014-12-04,378.25
2014-12-05,373.98
2014-12-06,373.98
2014-12-07,375.73
2014-12-08,375.73
2014-12-09,350.29
2014-12-10,350.29
2014-12-11,356.1
2014-12-12,356.1
2014-12-13,350.31
2014-12-14,350.31
2014-12-15,352.15
2014-12-16,352.15
2014-12-17,318.2
2014-12-18,318.2
2014-12-19,317.63
2014-12-20,317.63
2014-12-21,326.93
2014-12-22,326.93
2014-12-23,336.96
2014-12-24,336.96
2014-12-25,319.31
2014-12-26,319.31
2014-12-27,314.45
2014-12-28,314.45
2014-12-29,314.49
2014-12-30,314.49
2014-12-31,317.4
2015-01-01,317.4
2015-01-02,316.15
2015-01-03,316.15
2015-01-04,270.93
2015-01-05,270.93
2015-01-06,276.8
2015-01-07,276.8
2015-01-08,276.8
2015-01-09,276.8
2015-01-10,278.0
2015-01-11,278.0
2015-01-12,270.0
2015-01-13,270.0
2015-01-14,176.5
2015-01-15,176.5
2015-01-16,205.35
2015-01-17,205.35
2015-01-18,211.18
2015-01-19,211.18
2015-01-20,212.99
2015-01-21,212.99
2015-01-22,233.9
2015-01-23,233.9
2015-01-24,244.64
2015-01-25,244.64
2015-01-26,271.47
2015-01-27,271.47
2015-01-28,249.25
2015-01-29,249.25
2015-01-30,230.11
2015-01-31,230.11
2015-02-01,220.72
2015-02-02,220.72
2015-02-03,236.51
2015-02-04,236.51
2015-02-05,217.37
2015-02-06,217.37
2015-02-07,225.16
2015-02-08,225.16
2015-02-09,220.39
2015-02-10,220.39
2015-02-11,221.99
2015-02-12,221.99
2015-02-13,239.94
2015-02-14,239.94
2015-02-15,243.99
2015-02-16,243.99
2015-02-17,244.0
2015-02-18,244.0
2015-02-19,241.59
2015-02-20,241.59
2015-02-21,245.66
2015-02-22,245.66
2015-02-23,237.09
2015-02-24,237.09
2015-02-25,238.59
2015-02-26,238.59
2015-02-27,254.0
2015-02-28,254.0
2015-03-01,247.56
2015-03-02,247.56
2015-03-03,275.8
2015-03-04,275.8
2015-03-05,265.63
2015-03-06,265.63
2015-03-07,275.83
2015-03-08,275.83
2015-03-09,287.48
2015-03-10,287.48
2015-03-11,293.29
2015-03-12,293.29
2015-03-13,289.51
2015-03-14,289.51
2015-03-15,283.57
2015-03-16,283.57
2015-03-17,287.02
2015-03-18,287.02
2015-03-19,260.62
2015-03-20,260.62
2015-03-21,257.83
2015-03-22,257.83
2015-03-23,266.07
2015-03-24,266.07
2015-03-25,245.68
2015-03-26,245.68
2015-03-27,248.63
2015-03-28,248.63
2015-03-29,244.05
2015-03-30,244.05
2015-03-31,242.92
2015-04-01,242.92
2015-04-02,252.44
2015-04-03,252.44
2015-04-04,253.77
2015-04-05,253.77
2015-04-06,254.7
2015-04-07,254.7
2015-04-08,245.89
2015-04-09,245.89
2015-04-10,235.71
2015-04-11,235.71
2015-04-12,236.76
2015-04-13,236.76
2015-04-14,216.0
2015-04-15,216.0
2015-04-16,229.62
2015-04-17,229.62
2015-04-18,222.32
2015-04-19,222.32
2015-04-20,224.63
2015-04-21,224.63
2015-04-22,237.34
2015-04-23,237.34
2015-04-24,230.93
2015-04-25,230.93
2015-04-26,218.42
2015-04-27,218.42
2015-04-28,222.66
2015-04-29,222.66
2015-04-30,235.13
2015-05-01,235.13
2015-05-02,234.13
2015-05-03,234.13
2015-05-04,236.17
2015-05-05,236.17
2015-05-06,235.79
2015-05-07,235.79
2015-05-08,244.72
2015-05-09,244.72
2015-05-10,239.35
2015-05-11,239.35
2015-05-12,241.51
2015-05-13,241.51
2015-05-14,238.32
2015-05-15,238.32
2015-05-16,236.63
2015-05-17,236.63
2015-05-18,236.45
2015-05-19,236.45
2015-05-20,234.6
2015-05-21,234.6
2015-05-22,240.5
2015-05-23,240.5
2015-05-24,240.46
2015-05-25,240.46
2015-05-26,235.94
2015-05-27,235.94
2015-05-28,236.48
2015-05-29,236.48
2015-05-30,231.12
2015-05-31,231.12
2015-06-01,222.4
2015-06-02,222.4
2015-06-03,226.29
2015-06-04,226.29
2015-06-05,224.15
2015-06-06,224.15
2015-06-07,222.6
2015-06-08,222.6
2015-06-09,230.1
2015-06-10,230.1
2015-06-11,229.0
2015-06-12,229.0
2015-06-13,230.22
2015-06-14,230.22
2015-06-15,236.46
2015-06-16,236.46
2015-06-17,249.96
2015-06-18,249.96
2015-06-19,246.45
2015-06-20,246.45
2015-06-21,242.47
2015-06-22,242.47
2015-06-23,243.92
2015-06-24,243.92
2015-06-25,241.92
2015-06-26,241.92
2015-06-27,248.5
2015-06-28,248.5
2015-06-29,253.8
2015-06-30,253.8
2015-07-01,257.85
2015-07-02,257.85
2015-07-03,255.1
2015-07-04,255.1
2015-07-05,270.92
2015-07-06,270.92
2015-07-07,267.26
2015-07-08,267.26
2015-07-09,270.68
2015-07-10,270.68
2015-07-11,293.5
2015-07-12,293.5
2015-07-13,289.9
2015-07-14,289.9
2015-07-15,290.95
2015-07-16,290.95
2015-07-17,277.99
2015-07-18,277.99
2015-07-19,276.09
2015-07-20,276.09
2015-07-21,278.97
2015-07-22,278.97
2015-07-23,276.64
2015-07-24,276.64
2015-07-25,287.12
2015-07-26,287.12
2015-07-27,290.79
2015-07-28,290.79
2015-07-29,290.7
2015-07-30,290.7
2015-07-31,284.78
2015-08-01,284.78
2015-08-02,280.69
2015-08-03,280.69
2015-08-04,285.0
2015-08-05,285.0
2015-08-06,277.1
2015-08-07,277.1
2015-08-08,269.89
2015-08-09,269.89
2015-08-10,264.07
2015-08-11,264.07
2015-08-12,267.89
2015-08-13,267.89
2015-08-14,266.99
2015-08-15,266.99
2015-08-16,257.47
2015-08-17,257.47
2015-08-18,253.91
2015-08-19,253.91
2015-08-20,233.23
2015-08-21,233.23
2015-08-22,226.04
2015-08-23,226.04
2015-08-24,213.24
2015-08-25,213.24
2015-08-26,228.84
2015-08-27,228.84
2015-08-28,234.17
2015-08-29,234.17
2015-08-30,226.47
2015-08-31,226.47
2015-09-01,228.32
2015-09-02,228.32
2015-09-03,227.42
2015-09-04,227.42
2015-09-05,234.67
2015-09-06,234.67
2015-09-07,241.31
2015-09-08,241.31
2015-09-09,240.08
2015-09-10,240.08
2015-09-11,239.93
2015-09-12,239.93
2015-09-13,229.86
2015-09-14,229.86
2015-09-15,230.0
2015-09-16,230.0
2015-09-17,234.0
2015-09-18,234.0
2015-09-19,230.71
2015-09-20,230.71
2015-09-21,226.56
2015-09-22,226.56
2015-09-23,229.95
2015-09-24,229.95
2015-09-25,235.79
2015-09-26,235.79
2015-09-27,232.85
2015-09-28,232.85
2015-09-29,237.68
2015-09-30,237.68
2015-10-01,238.98
2015-10-02,238.98
2015-10-03,239.17
2015-10-04,239.17
2015-10-05,239.22
2015-10-06,239.22
2015-10-07,245.25
2015-10-08,245.25
2015-10-09,244.78
2015-10-10,244.78
2015-10-11,248.08
2015-10-12,248.08
2015-10-13,249.58
2015-10-14,249.58
2015-10-15,254.73
2015-10-16,254.73
2015-10-17,269.07
2015-10-18,269.07
2015-10-19,264.16
2015-10-20,264.16
2015-10-21,269.1
2015-10-22,269.1
2015-10-23,277.43
2015-10-24,277.43
2015-10-25,295.01
2015-10-26,295.01
2015-10-27,294.73
2015-10-28,294.73
2015-10-29,310.36
2015-10-30,310.36
2015-10-31,310.92
2015-11-01,310.92
2015-11-02,340.69
2015-11-03,340.69
2015-11-04,437.05
2015-11-05,437.05
2015-11-06,388.38
2015-11-07,388.38
2015-11-08,381.51
2015-11-09,381.51
2015-11-10,353.58
2015-11-11,353.58
2015-11-12,331.6
2015-11-13,331.6
2015-11-14,331.9
2015-11-15,331.9
2015-11-16,329.32
2015-11-17,329.32
2015-11-18,334.46
2015-11-19,334.46
2015-11-20,320.62
2015-11-21,320.62
2015-11-22,322.33
2015-11-23,322.33
2015-11-24,321.1
2015-11-25,321.1
2015-11-26,348.0
2015-11-27,348.0
2015-11-28,353.88
2015-11-29,353.88
2015-11-30,372.53
2015-12-01,372.53
2015-12-02,360.98
2015-12-03,360.98
2015-12-04,360.88
2015-12-05,360.88
2015-12-06,390.04
2015-12-07,390.04
2015-12-08,394.99
2015-12-09,394.99
2015-12-10,415.64
2015-12-11,415.64
2015-12-12,426.06
2015-12-13,426.06
2015-12-14,445.6
2015-12-15,445.6
2015-12-16,454.43
2015-12-17,454.43
2015-12-18,458.95
2015-12-19,458.95
2015-12-20,434.98
2015-12-21,434.98
2015-12-22,435.98
2015-12-23,435.98
2015-12-24,453.95
2015-12-25,453.95
2015-12-26,417.99
2015-12-27,417.99
2015-12-28,423.98
2015-12-29,423.98
2015-12-30,428.0
2015-12-31,428.0
2016-01-01,432.33
2016-01-02,432.33
2016-01-03,428.13
2016-01-04,428.13
2016-01-05,431.9
2016-01-06,431.9
2016-01-07,453.71
2016-01-08,453.71
2016-01-09,450.15
2016-01-10,450.15
2016-01-11,447.11
2016-01-12,447.11
2016-01-13,429.57
2016-01-14,429.57
2016-01-15,391.62
2016-01-16,391.62
2016-01-17,385.45
2016-01-18,385.45
2016-01-19,378.66
2016-01-20,378.66
2016-01-21,408.0
2016-01-22,408.0
2016-01-23,388.5
2016-01-24,388.5
2016-01-25,387.09
2016-01-26,387.09
2016-01-27,394.45
2016-01-28,394.45
2016-01-29,377.26
2016-01-30,377.26
2016-01-31,376.86
2016-02-01,376.86
2016-02-02,373.48
2016-02-03,373.48
2016-02-04,385.06
2016-02-05,385.06
2016-02-06,373.04
2016-02-07,373.04
2016-02-08,375.8
2016-02-09,375.8
2016-02-10,378.98
2016-02-11,378.98
2016-02-12,381.46
2016-02-13,381.46
2016-02-14,402.38
2016-02-15,402.38
2016-02-16,406.69
2016-02-17,406.69
2016-02-18,418.97
2016-02-19,418.97
2016-02-20,439.48
2016-02-21,439.48
2016-02-22,438.5
2016-02-23,438.5
2016-02-24,423.1
2016-02-25,423.1
2016-02-26,424.34
2016-02-27,424.34
2016-02-28,433.47
2016-02-29,433.47
2016-03-01,431.87
2016-03-02,431.87
2016-03-03,421.44
2016-03-04,421.44
2016-03-05,401.0
2016-03-06,401.0
2016-03-07,411.94
2016-03-08,411.94
2016-03-09,413.1
2016-03-10,413.1
2016-03-11,421.22
2016-03-12,421.22
2016-03-13,412.44
2016-03-14,412.44
2016-03-15,414.78
2016-03-16,414.78
2016-03-17,418.64
2016-03-18,418.64
2016-03-19,405.59
2016-03-20,405.59
2016-03-21,410.49
2016-03-22,410.49
2016-03-23,417.8
2016-03-24,417.8
2016-03-25,416.44
2016-03-26,416.44
2016-03-27,426.8
2016-03-28,426.8
2016-03-29,414.0
2016-03-30,414.0
2016-03-31,416.94
2016-04-01,416.94
2016-04-02,418.07
2016-04-03,418.07
2016-04-04,418.99
2016-04-05,418.99
2016-04-06,421.09
2016-04-07,421.09
2016-04-08,422.2
2016-04-09,422.2
2016-04-10,421.63
2016-04-11,421.63
2016-04-12,425.89
2016-04-13,425.89
2016-04-14,423.76
2016-04-15,423.76
2016-04-16,429.43
2016-04-17,429.43
2016-04-18,427.28
2016-04-19,427.28
2016-04-20,442.34
2016-04-21,442.34
2016-04-22,447.25
2016-04-23,447.25
2016-04-24,459.4
2016-04-25,459.4
2016-04-26,467.98
2016-04-27,467.98
2016-04-28,450.0
2016-04-29,450.0
2016-04-30,447.17
2016-05-01,447.17
2016-05-02,443.9
2016-05-03,443.9
2016-05-04,447.37
2016-05-05,447.37
2016-05-06,460.91
2016-05-07,460.91
2016-05-08,457.82
2016-05-09,457.82
2016-05-10,450.0
2016-05-11,450.0
2016-05-12,454.7
2016-05-13,454.7
2016-05-14,455.65
2016-05-15,455.65
2016-05-16,454.88
2016-05-17,454.88
2016-05-18,452.9
2016-05-19,452.9
2016-05-20,441.25
2016-05-21,441.25
2016-05-22,438.0
2016-05-23,438.0
2016-05-24,445.34
2016-05-25,445.34
2016-05-26,452.49
2016-05-27,452.49
2016-05-28,522.43
2016-05-29,522.43
2016-05-30,525.15
2016-05-31,525.15
2016-06-01,539.47
2016-06-02,539.47
2016-06-03,568.0
2016-06-04,568.0
2016-06-05,574.02
2016-06-06,574.02
2016-06-07,577.54
2016-06-08,577.54
2016-06-09,575.2941375
2016-06-10,575.2941375
2016-06-11,594.4399875
2016-06-12,594.4399875
2016-06-13,702.0665
2016-06-14,702.0665
2016-06-15,692.289625
2016-06-16,692.289625
2016-06-17,743.9164
2016-06-18,743.9164
2016-06-19,760.8168
2016-06-20,760.8168
2016-06-21,665.9586125
2016-06-22,665.9586125
2016-06-23,624.5419999999999
2016-06-24,624.5419999999999
2016-06-25,664.9068875
2016-06-26,664.9068875
2016-06-27,646.7030125
2016-06-28,646.7030125
2016-06-29,637.959625
2016-06-30,637.959625
2016-07-01,675.1863375
2016-07-02,675.1863375
2016-07-03,658.4175
2016-07-04,658.4175
2016-07-05,666.4855875
2016-07-06,666.4855875
2016-07-07,636.3588625
2016-07-08,636.3588625
2016-07-09,651.8649125
2016-07-10,651.8649125
2016-07-11,647.9837
2016-07-12,647.9837
2016-07-13,657.4524875
2016-07-14,657.4524875
2016-07-15,664.57145
2016-07-16,664.57145
2016-07-17,675.45905
2016-07-18,675.45905
2016-07-19,672.8432
2016-07-20,672.8432
2016-07-21,664.882075
2016-07-22,664.882075
2016-07-23,655.8469125
2016-07-24,655.8469125
2016-07-25,654.6954499999998
2016-07-26,654.6954499999998
2016-07-27,654.9810375
2016-07-28,654.9810375
2016-07-29,656.8876124999998
2016-07-30,656.8876124999998
2016-07-31,628.015375
2016-08-01,628.015375
2016-08-02,515.0618999999998
2016-08-03,515.0618999999998
2016-08-04,577.3157714285715
2016-08-05,577.3157714285715
2016-08-06,588.2312714285714
2016-08-07,588.2312714285714
2016-08-08,592.6975
2016-08-09,592.6975
2016-08-10,592.1899
2016-08-11,592.1899
2016-08-12,587.7556
2016-08-13,587.7556
2016-08-14,570.9764142857142
2016-08-15,570.9764142857142
2016-08-16,581.1185875
2016-08-17,581.1185875
2016-08-18,576.0360875
2016-08-19,576.0360875
2016-08-20,583.2078625
2016-08-21,583.2078625
2016-08-22,588.9727625
2016-08-23,588.9727625
2016-08-24,582.8479875
2016-08-25,582.8479875
2016-08-26,581.07245
2016-08-27,581.07245
2016-08-28,576.534
2016-08-29,576.534
2016-08-30,578.616575
2016-08-31,578.616575
2016-09-01,572.818375
2016-09-02,572.818375
2016-09-03,600.8860875
2016-09-04,600.8860875
2016-09-05,608.10975
2016-09-06,608.10975
2016-09-07,614.4637625
2016-09-08,614.4637625
2016-09-09,625.0708999999998
2016-09-10,625.0708999999998
2016-09-11,608.15855
2016-09-12,608.15855
2016-09-13,610.928125
2016-09-14,610.928125
2016-09-15,610.386125
2016-09-16,610.386125
2016-09-17,608.006875
2016-09-18,608.006875
2016-09-19,610.1965
2016-09-20,610.1965
2016-09-21,598.884875
2016-09-22,598.884875
2016-09-23,604.2225
2016-09-24,604.2225
2016-09-25,601.7472375
2016-09-26,601.7472375
2016-09-27,605.9622125
2016-09-28,605.9622125
2016-09-29,606.36375
2016-09-30,606.36375
2016-10-01,614.8238
2016-10-02,614.8238
2016-10-03,611.8511
2016-10-04,611.8511
2016-10-05,612.3522875
2016-10-06,612.3522875
2016-10-07,617.21035
2016-10-08,617.21035
2016-10-09,615.65675
2016-10-10,615.65675
2016-10-11,639.30995
2016-10-12,639.30995
2016-10-13,635.9650875
2016-10-14,635.9650875
2016-10-15,637.9498571428572
2016-10-16,637.9498571428572
2016-10-17,638.1833875
2016-10-18,638.1833875
2016-10-19,629.253675
2016-10-20,629.253675
2016-10-21,631.9242125
2016-10-22,631.9242125
2016-10-23,653.0028625
2016-10-24,653.0028625
2016-10-25,655.3199500000002
2016-10-26,655.3199500000002
2016-10-27,682.2239625
2016-10-28,682.2239625
2016-10-29,714.89545
2016-10-30,714.89545
2016-10-31,702.0015125
2016-11-01,702.0015125
2016-11-02,733.336125
2016-11-03,733.336125
2016-11-04,703.6940875
2016-11-05,703.6940875
2016-11-06,712.00325
2016-11-07,712.00325
2016-11-08,708.974875
2016-11-09,708.974875
2016-11-10,713.690125
2016-11-11,713.690125
2016-11-12,703.7180000000001
2016-11-13,703.7180000000001
2016-11-14,706.467875
2016-11-15,706.467875
2016-11-16,736.9143750000002
2016-11-17,736.9143750000002
2016-11-18,747.5217625
2016-11-19,747.5217625
2016-11-20,729.066625
2016-11-21,729.066625
2016-11-22,748.749375
2016-11-23,748.749375
2016-11-24,737.450375
2016-11-25,737.450375
2016-11-26,733.673
2016-11-27,733.673
2016-11-28,733.0521249999998
2016-11-29,733.0521249999998
2016-11-30,742.6967625
2016-12-01,742.6967625
2016-12-02,772.43725
2016-12-03,772.43725
2016-12-04,764.81625
2016-12-05,764.81625
2016-12-06,756.6215
2016-12-07,756.6215
2016-12-08,769.72975
2016-12-09,769.72975
2016-12-10,773.40125
2016-12-11,773.40125
2016-12-12,777.006875
2016-12-13,777.006875
2016-12-14,774.8969999999999
2016-12-15,774.8969999999999
2016-12-16,781.5683750000002
2016-12-17,781.5683750000002
2016-12-18,788.40575
2016-12-19,788.40575
2016-12-20,793.0901375
2016-12-21,793.0901375
2016-12-22,860.599875
2016-12-23,860.599875
2016-12-24,891.6126125
2016-12-25,891.6126125
2016-12-26,897.335375
2016-12-27,897.335375
2016-12-28,967.480375
2016-12-29,967.480375
2016-12-30,952.156375
2016-12-31,952.156375
2017-01-01,997.729875
2017-01-02,997.729875
2017-01-03,1023.141875
2017-01-04,1023.141875
2017-01-05,994.674875
2017-01-06,994.674875
2017-01-07,896.830375
2017-01-08,896.830375
2017-01-09,894.18025
2017-01-10,894.18025
2017-01-11,785.2237375
2017-01-12,785.2237375
2017-01-13,826.2956625
2017-01-14,826.2956625
2017-01-15,822.2076
2017-01-16,822.2076
2017-01-17,903.84575
2017-01-18,903.84575
2017-01-19,895.798875
2017-01-20,895.798875
2017-01-21,920.4479
2017-01-22,920.4479
2017-01-23,922.0736125
2017-01-24,922.0736125
2017-01-25,893.045625
2017-01-26,893.045625
2017-01-27,919.27975
2017-01-28,919.27975
2017-01-29,915.933
2017-01-30,915.933
2017-01-31,964.706075
2017-02-01,964.706075
2017-02-02,1007.6137125
2017-02-03,1007.6137125
2017-02-04,1030.9994125
2017-02-05,1030.9994125
2017-02-06,1024.01375
2017-02-07,1024.01375
2017-02-08,1052.3766125
2017-02-09,1052.3766125
2017-02-10,999.1035
2017-02-11,999.1035
2017-02-12,1000.604625
2017-02-13,1000.604625
2017-02-14,1011.78025
2017-02-15,1011.78025
2017-02-16,1035.208125
2017-02-17,1035.208125
2017-02-18,1056.6371375
2017-02-19,1056.6371375
2017-02-20,1084.7550125
2017-02-21,1084.7550125
2017-02-22,1123.2231875
2017-02-23,1123.2231875
2017-02-24,1174.86625
2017-02-25,1174.86625
2017-02-26,1175.04975
2017-02-27,1175.04975
2017-02-28,1187.5652857142854
2017-03-01,1187.5652857142854
2017-03-02,1259.4108166666667
2017-03-03,1259.4108166666667
2017-03-04,1267.0272
2017-03-05,1267.0272
2017-03-06,1275.197375
2017-03-07,1275.197375
2017-03-08,1157.3933
2017-03-09,1157.3933
2017-03-10,1098.6171285714288
2017-03-11,1098.6171285714288
2017-03-12,1227.494625
2017-03-13,1227.494625
2017-03-14,1245.3707857142854
2017-03-15,1245.3707857142854
2017-03-16,1180.945657142857
2017-03-17,1180.945657142857
2017-03-18,952.2323625
2017-03-19,952.2323625
2017-03-20,1049.0844875
2017-03-21,1049.0844875
2017-03-22,1028.7268625
2017-03-23,1028.7268625
2017-03-24,941.9197142857145
2017-03-25,941.9197142857145
2017-03-26,956.7863125
2017-03-27,956.7863125
2017-03-28,1046.127625
2017-03-29,1046.127625
2017-03-30,1037.90455
2017-03-31,1037.90455
2017-04-01,1086.9295714285713
2017-04-02,1086.9295714285713
2017-04-03,1141.813
2017-04-04,1141.813
2017-04-05,1133.0793142857142
2017-04-06,1133.0793142857142
2017-04-07,1190.45425
2017-04-08,1190.45425
2017-04-09,1208.8005
2017-04-10,1208.8005
2017-04-11,1226.6170375
2017-04-12,1226.6170375
2017-04-13,1180.0237125
2017-04-14,1180.0237125
2017-04-15,1184.8806714285713
2017-04-16,1184.8806714285713
2017-04-17,1205.634875
2017-04-18,1205.634875
2017-04-19,1217.9300875
2017-04-20,1217.9300875
2017-04-21,1258.3614125
2017-04-22,1258.3614125
2017-04-23,1257.9881125
2017-04-24,1257.9881125
2017-04-25,1279.4146875
2017-04-26,1279.4146875
2017-04-27,1345.3539125
2017-04-28,1345.3539125
2017-04-29,1334.9790375
2017-04-30,1334.9790375
2017-05-01,1417.1728125
2017-05-02,1417.1728125
2017-05-03,1507.5768571428573
2017-05-04,1507.5768571428573
2017-05-05,1533.3350714285714
2017-05-06,1533.3350714285714
2017-05-07,1535.8684285714285
2017-05-08,1535.8684285714285
2017-05-09,1721.2849714285715
2017-05-10,1721.2849714285715
2017-05-11,1820.9905625
2017-05-12,1820.9905625
2017-05-13,1771.9200125
2017-05-14,1771.9200125
2017-05-15,1723.1269375
2017-05-16,1723.1269375
2017-05-17,1807.4850625
2017-05-18,1807.4850625
2017-05-19,1961.5204875
2017-05-20,1961.5204875
2017-05-21,2046.5344625
2017-05-22,2046.5344625
2017-05-23,2287.7102875
2017-05-24,2287.7102875
2017-05-25,2387.206285714285
2017-05-26,2387.206285714285
2017-05-27,2014.0529625
2017-05-28,2014.0529625
2017-05-29,2275.9307
2017-05-30,2275.9307
2017-05-31,2285.9339142857143
2017-06-01,2285.9339142857143
2017-06-02,2446.142414285714
2017-06-03,2446.142414285714
2017-06-04,2516.173142857143
2017-06-05,2516.173142857143
2017-06-06,2883.313696637142
2017-06-07,2883.313696637142
2017-06-08,2792.9991875
2017-06-09,2792.9991875
2017-06-10,2845.372857142857
2017-06-11,2845.372857142857
2017-06-12,2657.6750625
2017-06-13,2657.6750625
2017-06-14,2447.0415625
2017-06-15,2447.0415625
2017-06-16,2464.9598142857144
2017-06-17,2464.9598142857144
2017-06-18,2507.389252144286
2017-06-19,2507.389252144286
2017-06-20,2754.97825
2017-06-21,2754.97825
2017-06-22,2727.2880125
2017-06-23,2727.2880125
2017-06-24,2589.1648875
2017-06-25,2589.1648875
2017-06-26,2436.4510571428573
2017-06-27,2436.4510571428573
2017-06-28,2585.349185714286
2017-06-29,2585.349185714286
2017-06-30,2477.641375
2017-07-01,2477.641375
2017-07-02,2501.191342857143
2017-07-03,2501.191342857143
2017-07-04,2599.7298375
2017-07-05,2599.7298375
2017-07-06,2609.96775
2017-07-07,2609.96775
2017-07-08,2562.1306625
2017-07-09,2562.1306625
2017-07-10,2366.1701428571428
2017-07-11,2366.1701428571428
2017-07-12,2385.748571428572
2017-07-13,2385.748571428572
2017-07-14,2190.947833333333
2017-07-15,2190.947833333333
2017-07-16,1931.2143
2017-07-17,1931.2143
2017-07-18,2320.12225
2017-07-19,2320.12225
2017-07-20,2898.1884166666664
2017-07-21,2898.1884166666664
2017-07-22,2807.609857142857
2017-07-23,2807.609857142857
2017-07-24,2751.821028571429
2017-07-25,2751.821028571429
2017-07-26,2495.028585714286
2017-07-27,2495.028585714286
2017-07-28,2781.636583333333
2017-07-29,2781.636583333333
2017-07-30,2745.9554166666658
2017-07-31,2745.9554166666658
2017-08-01,2710.4130666666665
2017-08-02,2710.4130666666665
2017-08-03,2794.117716666666
2017-08-04,2794.117716666666
2017-08-05,3218.115016666666
2017-08-06,3218.115016666666
2017-08-07,3407.2268333333336
2017-08-08,3407.2268333333336
2017-08-09,3357.326316666667
2017-08-10,3357.326316666667
2017-08-11,3632.506666666666
2017-08-12,3632.506666666666
2017-08-13,4125.54802
2017-08-14,4125.54802
2017-08-15,4217.028328571429
2017-08-16,4217.028328571429
2017-08-17,4328.725716666667
2017-08-18,4328.725716666667
2017-08-19,4222.662214285714
2017-08-20,4222.662214285714
2017-08-21,4043.722
2017-08-22,4043.722
2017-08-23,4174.95
2017-08-24,4174.95
2017-08-25,4363.05445
2017-08-26,4363.05445
2017-08-27,4354.308333333333
2017-08-28,4354.308333333333
2017-08-29,4607.98545
2017-08-30,4607.98545
2017-08-31,4748.255
2017-09-01,4748.255
2017-09-02,4580.3874799999985
2017-09-03,4580.3874799999985
2017-09-04,4344.0983166666665
2017-09-05,4344.0983166666665
2017-09-06,4641.822016666666
2017-09-07,4641.822016666666
2017-09-08,4310.750183333334
2017-09-09,4310.750183333334
2017-09-10,4329.955
2017-09-11,4329.955
2017-09-12,4219.036616666667
2017-09-13,4219.036616666667
2017-09-14,3319.63
2017-09-15,3319.63
2017-09-16,3763.6260399999996
2017-09-17,3763.6260399999996
2017-09-18,4093.316666666667
2017-09-19,4093.316666666667
2017-09-20,3977.561666666666
2017-09-21,3977.561666666666
2017-09-22,3637.50255
2017-09-23,3637.50255
2017-09-24,3703.04065
2017-09-25,3703.04065
2017-09-26,3910.3073833333333
2017-09-27,3910.3073833333333
2017-09-28,4201.98905
2017-09-29,4201.98905
2017-09-30,4335.368316666667
2017-10-01,4335.368316666667
2017-10-02,4386.88375
2017-10-03,4386.88375
2017-10-04,4225.175
2017-10-05,4225.175
2017-10-06,4345.6033333333335
2017-10-07,4345.6033333333335
2017-10-08,4602.280883333334
2017-10-09,4602.280883333334
2017-10-10,4782.28
2017-10-11,4782.28
2017-10-12,5325.130683333333
2017-10-13,5325.130683333333
2017-10-14,5739.4387333333325
2017-10-15,5739.4387333333325
2017-10-16,5711.205866666667
2017-10-17,5711.205866666667
2017-10-18,5546.1761000000015
2017-10-19,5546.1761000000015
2017-10-20,5979.4598399999995
2017-10-21,5979.4598399999995
2017-10-22,5983.184550000001
2017-10-23,5983.184550000001
2017-10-24,5505.827766666666
2017-10-25,5505.827766666666
2017-10-26,5893.138416666667
2017-10-27,5893.138416666667
2017-10-28,5776.696950000001
2017-10-29,5776.696950000001
2017-10-30,6105.874220000001
2017-10-31,6105.874220000001
2017-11-01,6665.306683333332
2017-11-02,6665.306683333332
2017-11-03,7197.72006
2017-11-04,7197.72006
2017-11-05,7377.012366666668
2017-11-06,7377.012366666668
2017-11-07,7092.127233333333
2017-11-08,7092.127233333333
2017-11-09,7158.03706
2017-11-10,7158.03706
2017-11-11,6362.851033333332
2017-11-12,6362.851033333332
2017-11-13,6550.227533333334
2017-11-14,6550.227533333334
2017-11-15,7301.4299200000005
2017-11-16,7301.4299200000005
2017-11-17,7786.884366666666
2017-11-18,7786.884366666666
2017-11-19,8007.654066666668
2017-11-20,8007.654066666668
2017-11-21,8059.8
2017-11-22,8059.8
2017-11-23,8148.95
2017-11-24,8148.95
2017-11-25,8707.407266666667
2017-11-26,8707.407266666667
2017-11-27,9718.29505
2017-11-28,9718.29505
2017-11-29,9879.328333333333
2017-11-30,9879.328333333333
2017-12-01,10883.912
2017-12-02,10883.912
2017-12-03,11332.622
2017-12-04,11332.622
2017-12-05,11878.433333333334
2017-12-06,11878.433333333334
2017-12-07,16501.971666666668
2017-12-08,16501.971666666668
2017-12-09,15142.834152123332
2017-12-10,15142.834152123332
2017-12-11,16762.116666666665
2017-12-12,16762.116666666665
2017-12-13,16808.366666666665
2017-12-14,16808.366666666665
2017-12-15,17771.899999999998
2017-12-16,17771.899999999998
2017-12-17,19289.785
2017-12-18,19289.785
2017-12-19,17737.111666666668
2017-12-20,17737.111666666668
2017-12-21,16047.51
2017-12-22,16047.51
2017-12-23,15360.261666666667
2017-12-24,15360.261666666667
2017-12-25,14119.028333333335
2017-12-26,14119.028333333335
2017-12-27,15589.321666666665
2017-12-28,15589.321666666665
2017-12-29,14640.14
2017-12-30,14640.14
2017-12-31,14165.575
2018-01-01,14165.575
2018-01-02,15005.856666666668
2018-01-03,15005.856666666668
2018-01-04,15199.355
2018-01-05,15199.355
2018-01-06,17319.198
2018-01-07,17319.198
2018-01-08,15265.906666666668
2018-01-09,15265.906666666668
2018-01-10,15126.398333333333
2018-01-11,15126.398333333333
2018-01-12,13912.882
2018-01-13,13912.882
2018-01-14,13852.92
2018-01-15,13852.92
2018-01-16,11180.998333333333
2018-01-17,11180.998333333333
2018-01-18,11345.423333333332
2018-01-19,11345.423333333332
2018-01-20,12950.793333333333
2018-01-21,12950.793333333333
2018-01-22,10544.593333333332
2018-01-23,10544.593333333332
2018-01-24,11282.258333333333
2018-01-25,11282.258333333333
2018-01-26,10969.815
2018-01-27,10969.815
2018-01-28,11765.71
2018-01-29,11765.71
2018-01-30,10184.061666666666
2018-01-31,10184.061666666666
2018-02-01,9083.258333333333
2018-02-02,9083.258333333333
2018-02-03,9076.678333333333
2018-02-04,9076.678333333333
2018-02-05,6838.8166666666675
2018-02-06,6838.8166666666675
2018-02-07,8099.958333333332
2018-02-08,8099.958333333332
2018-02-09,8535.516666666668
2018-02-10,8535.516666666668
2018-02-11,8343.455
2018-02-12,8343.455
2018-02-13,8597.7675
2018-02-14,8597.7675
2018-02-15,9977.154
2018-02-16,9977.154
2018-02-17,10841.991666666667
2018-02-18,10841.991666666667
2018-02-19,11110.964999999998
